,cellText,name,level,title,selfno
0,第一节释义,释义,1,一,1
1,一、释义,释义,2,一,1
2,第二节公司简介和主要财务指标,公司简介和主要财务指标,1,二,2
3,一、公司信息,公司信息,2,一,1
4,二、联系人和联系方式,联系人和联系方式,2,二,2
5,三、基本情况简介,基本情况简介,2,三,3
6,四、信息披露及备置地点,信息披露及备置地点,2,四,4
7,五、公司股票简况,公司股票简况,2,五,5
8,六、其他相关资料,其他相关资料,2,六,6
9,七、近三年主要会计数据和财务指标,近三年主要会计数据和财务指标,2,七,7
10,(一)主要会计数据,主要会计数据,3,一,1
11,(二)主要财务指标,主要财务指标,3,二,2
12,八、境内外会计准则下会计数据差异,境内外会计准则下会计数据差异,2,八,8
13,(一)同时按照国际会计准则与按中国会计准则披露的财务报告中净利润和归属于上市公司股东的净资产差异情况,同时按照国际会计准则与按中国会计准则披露的财务报告中净利润和归属于上市公司股东的净资产差异情况,3,一,1
14,(二)同时按照境外会计准则与按中国会计准则披露的财务报告中净利润和归属于上市公司股东的净资产差异情况,同时按照境外会计准则与按中国会计准则披露的财务报告中净利润和归属于上市公司股东的净资产差异情况,3,二,2
15,(三)境内外会计准则差异的说明：,境内外会计准则差异的说明：,3,三,3
16,九、2017年分季度主要财务数据,2017年分季度主要财务数据,2,九,9
17,十、非经常性损益项目和金额,非经常性损益项目和金额,2,十,a
18,十一、采用公允价值计量的项目,采用公允价值计量的项目,2,十一,b
19,十二、其他,其他,2,十二,c
20,第三节公司业务概要,公司业务概要,1,三,3
21,一、报告期内公司所从事的主要业务、经营模式及行业情况说明,报告期内公司所从事的主要业务、经营模式及行业情况说明,2,一,1
22,二、报告期内公司主要资产发生重大变化情况的说明,报告期内公司主要资产发生重大变化情况的说明,2,二,2
23,三、报告期内核心竞争力分析,报告期内核心竞争力分析,2,三,3
24,第四节经营情况讨论与分析,经营情况讨论与分析,1,四,4
25,一、经营情况讨论与分析,经营情况讨论与分析,2,一,1
26,二、报告期内主要经营情况,报告期内主要经营情况,2,二,2
27,(一)主营业务分析,主营业务分析,3,一,1
28,1.收入和成本分析,收入和成本分析,3,1,1
29,(1).主营业务分行业、分产品、分地区情况,主营业务分行业、分产品、分地区情况,4,1,1
30,(2).产销量情况分析表,产销量情况分析表,4,2,2
31,(3).成本分析表,成本分析表,4,3,3
32,(4).主要销售客户及主要供应商情况,主要销售客户及主要供应商情况,4,4,4
33,2.费用,费用,3,2,2
34,3.研发投入研发投入情况表,研发投入研发投入情况表,3,3,3
35,4.现金流,现金流,3,4,4
36,(二)非主营业务导致利润重大变化的说明,非主营业务导致利润重大变化的说明,4,二,2
37,(三)资产、负债情况分析,资产、负债情况分析,4,三,3
38,1.资产及负债状况,资产及负债状况,3,1,1
39,2.截至报告期末主要资产受限情况,截至报告期末主要资产受限情况,3,2,2
40,3.其他说明,其他说明,3,3,3
41,(四)行业经营性信息分析,行业经营性信息分析,4,四,4
42,(五)投资状况分析,投资状况分析,4,五,5
43,1、对外股权投资总体分析,对外股权投资总体分析,3,1,1
44,(1)重大的股权投资,重大的股权投资,5,1,1
45,(2)重大的非股权投资,重大的非股权投资,5,2,2
46,(3)以公允价值计量的金融资产,以公允价值计量的金融资产,5,3,3
47,(六)重大资产和股权出售,重大资产和股权出售,4,六,6
48,(七)主要控股参股公司分析,主要控股参股公司分析,4,七,7
49,(八)公司控制的结构化主体情况,公司控制的结构化主体情况,4,八,8
50,三、公司关于公司未来发展的讨论与分析,公司关于公司未来发展的讨论与分析,2,三,3
51,(一)行业格局和趋势,行业格局和趋势,3,一,1
52,(二)公司发展战略,公司发展战略,3,二,2
53,(三)经营计划,经营计划,3,三,3
54,(四)可能面对的风险,可能面对的风险,3,四,4
55,(五)其他,其他,3,五,5
56,四、公司因不适用准则规定或国家秘密、商业秘密等特殊原因，未按准则披露的情况和原因说明,公司因不适用准则规定或国家秘密、商业秘密等特殊原因，未按准则披露的情况和原因说明,2,四,4
57,第五节重要事项,重要事项,1,五,5
58,一、普通股利润分配或资本公积金转增预案,普通股利润分配或资本公积金转增预案,2,一,1
59,(一)现金分红政策的制定、执行或调整情况,现金分红政策的制定、执行或调整情况,3,一,1
60,(二)公司近三年（含报告期）的普通股股利分配方案或预案、资本公积金转增股本方案或预案,公司近三年（含报告期）的普通股股利分配方案或预案、资本公积金转增股本方案或预案,3,二,2
61,(三)以现金方式要约回购股份计入现金分红的情况,以现金方式要约回购股份计入现金分红的情况,3,三,3
62,(四)报告期内盈利且母公司可供普通股股东分配利润为正，但未提出普通股现金利润分配方案预案的，公司应当详细披露原因以及未分配利润的用途和使用计划,报告期内盈利且母公司可供普通股股东分配利润为正，但未提出普通股现金利润分配方案预案的，公司应当详细披露原因以及未分配利润的用途和使用计划,3,四,4
63,二、承诺事项履行情况,承诺事项履行情况,2,二,2
64,(一)公司实际控制人、股东、关联方、收购人以及公司等承诺相关方在报告期内或持续到报告期内的承诺事项,公司实际控制人、股东、关联方、收购人以及公司等承诺相关方在报告期内或持续到报告期内的承诺事项,3,一,1
65,(二)公司资产或项目存在盈利预测，且报告期仍处在盈利预测期间，公司就资产或项目是否达到原盈利预测及其原因作出说明,公司资产或项目存在盈利预测，且报告期仍处在盈利预测期间，公司就资产或项目是否达到原盈利预测及其原因作出说明,3,二,2
66,三、报告期内资金被占用情况及清欠进展情况,报告期内资金被占用情况及清欠进展情况,2,三,3
67,四、公司对会计师事务所“非标准意见审计报告”的说明,公司对会计师事务所“非标准意见审计报告”的说明,2,四,4
68,五、公司对会计政策、会计估计变更或重大会计差错更正原因和影响的分析说明,公司对会计政策、会计估计变更或重大会计差错更正原因和影响的分析说明,2,五,5
69,（一）公司对会计政策、会计估计变更原因及影响的分析说明,公司对会计政策、会计估计变更原因及影响的分析说明,3,一,1
70,（二）公司对重大会计差错更正原因及影响的分析说明,公司对重大会计差错更正原因及影响的分析说明,3,二,2
71,（三）与前任会计师事务所进行的沟通情况,与前任会计师事务所进行的沟通情况,3,三,3
72,（四）其他说明,其他说明,3,四,4
73,六、聘任、解聘会计师事务所情况,聘任、解聘会计师事务所情况,2,六,6
74,七、面临暂停上市风险的情况,面临暂停上市风险的情况,2,七,7
75,(一)导致暂停上市的原因,导致暂停上市的原因,3,一,1
76,(二)公司拟采取的应对措施,公司拟采取的应对措施,3,二,2
77,八、面临终止上市的情况和原因,面临终止上市的情况和原因,2,八,8
78,九、破产重整相关事项,破产重整相关事项,2,九,9
79,十、重大诉讼、仲裁事项,重大诉讼、仲裁事项,2,十,a
80,十一、上市公司及其董事、监事、高级管理人员、控股股东、实际控制人、收购人处罚及整改情况,上市公司及其董事、监事、高级管理人员、控股股东、实际控制人、收购人处罚及整改情况,2,十一,b
81,十二、报告期内公司及其控股股东、实际控制人诚信状况的说明,报告期内公司及其控股股东、实际控制人诚信状况的说明,2,十二,c
82,十三、公司股权激励计划、员工持股计划或其他员工激励措施的情况及其影响,公司股权激励计划、员工持股计划或其他员工激励措施的情况及其影响,2,十三,d
83,(一)相关激励事项已在临时公告披露且后续实施无进展或变化的,相关激励事项已在临时公告披露且后续实施无进展或变化的,3,一,1
84,十四、重大关联交易,重大关联交易,2,十四,e
85,(一)与日常经营相关的关联交易,与日常经营相关的关联交易,3,一,1
86,1、已在临时公告披露且后续实施无进展或变化的事项,已在临时公告披露且后续实施无进展或变化的事项,3,1,1
87,2、已在临时公告披露，但有后续实施的进展或变化的事项,已在临时公告披露，但有后续实施的进展或变化的事项,3,2,2
88,3、临时公告未披露的事项,临时公告未披露的事项,3,3,3
89,(二)资产或股权收购、出售发生的关联交易,资产或股权收购、出售发生的关联交易,4,二,2
90,1、已在临时公告披露且后续实施无进展或变化的事项,已在临时公告披露且后续实施无进展或变化的事项,3,1,1
91,2、已在临时公告披露，但有后续实施的进展或变化的事项,已在临时公告披露，但有后续实施的进展或变化的事项,3,2,2
92,3、临时公告未披露的事项,临时公告未披露的事项,3,3,3
93,4、涉及业绩约定的，应当披露报告期内的业绩实现情况,涉及业绩约定的，应当披露报告期内的业绩实现情况,3,4,4
94,(三)共同对外投资的重大关联交易,共同对外投资的重大关联交易,4,三,3
95,1、已在临时公告披露且后续实施无进展或变化的事项,已在临时公告披露且后续实施无进展或变化的事项,3,1,1
96,2、已在临时公告披露，但有后续实施的进展或变化的事项,已在临时公告披露，但有后续实施的进展或变化的事项,3,2,2
97,3、临时公告未披露的事项,临时公告未披露的事项,3,3,3
98,(四)关联债权债务往来,关联债权债务往来,4,四,4
99,1、已在临时公告披露且后续实施无进展或变化的事项,已在临时公告披露且后续实施无进展或变化的事项,3,1,1
100,2、已在临时公告披露，但有后续实施的进展或变化的事项,已在临时公告披露，但有后续实施的进展或变化的事项,3,2,2
101,3、临时公告未披露的事项,临时公告未披露的事项,3,3,3
102,(五)其他,其他,4,五,5
103,十五、重大合同及其履行情况,重大合同及其履行情况,2,十五,f
104,(一)托管、承包、租赁事项,托管、承包、租赁事项,3,一,1
105,1、托管情况,托管情况,3,1,1
106,2、承包情况,承包情况,3,2,2
107,3、租赁情况,租赁情况,3,3,3
108,(二)担保情况,担保情况,4,二,2
109,(三)委托他人进行现金资产管理的情况,委托他人进行现金资产管理的情况,4,三,3
110,1、委托理财情况,委托理财情况,3,1,1
111,(1).委托理财总体情况,委托理财总体情况,5,1,1
112,(2).单项委托理财情况,单项委托理财情况,5,2,2
113,(3).委托理财减值准备,委托理财减值准备,5,3,3
114,2、委托贷款情况,委托贷款情况,3,2,2
115,(1).委托贷款总体情况,委托贷款总体情况,5,1,1
116,(2).单项委托贷款情况,单项委托贷款情况,5,2,2
117,(3).委托贷款减值准备,委托贷款减值准备,5,3,3
118,3、其他情况,其他情况,3,3,3
119,(四)其他重大合同,其他重大合同,4,四,4
120,十六、其他重大事项的说明,其他重大事项的说明,2,十六,10
121,十七、积极履行社会责任的工作情况,积极履行社会责任的工作情况,2,十七,11
122,(一)上市公司扶贫工作情况,上市公司扶贫工作情况,3,一,1
123,1.精准扶贫规划,精准扶贫规划,3,1,1
124,2.年度精准扶贫概要,年度精准扶贫概要,3,2,2
125,3.精准扶贫成效,精准扶贫成效,3,3,3
126,4.后续精准扶贫计划,后续精准扶贫计划,3,4,4
127,(二)社会责任工作情况,社会责任工作情况,4,二,2
128,(三)环境信息情况,环境信息情况,4,三,3
129,1.属于环境保护部门公布的重点排污单位的公司及其重要子公司的环保情况说明,属于环境保护部门公布的重点排污单位的公司及其重要子公司的环保情况说明,3,1,1
130,2.重点排污单位之外的公司,重点排污单位之外的公司,3,2,2
131,3.其他说明,其他说明,3,3,3
132,(四)其他说明,其他说明,4,四,4
133,十八、可转换公司债券情况,可转换公司债券情况,2,十八,12
134,(一)转债发行情况,转债发行情况,3,一,1
135,(二)报告期转债持有人及担保人情况,报告期转债持有人及担保人情况,3,二,2
136,(三)报告期转债变动情况,报告期转债变动情况,3,三,3
137,(四)转股价格历次调整情况,转股价格历次调整情况,3,四,4
138,(五)公司的负债情况、资信变化情况及在未来年度还债的现金安排,公司的负债情况、资信变化情况及在未来年度还债的现金安排,3,五,5
139,(六)转债其他情况说明,转债其他情况说明,3,六,6
140,第六节普通股股份变动及股东情况,普通股股份变动及股东情况,1,六,6
141,一、普通股股本变动情况,普通股股本变动情况,2,一,1
142,(一)普通股股份变动情况表,普通股股份变动情况表,3,一,1
143,1、普通股股份变动情况表,普通股股份变动情况表,3,1,1
144,2、普通股股份变动情况说明,普通股股份变动情况说明,3,2,2
145,3、普通股股份变动对最近一年和最近一期每股收益、每股净资产等财务指标的影响（如有）,普通股股份变动对最近一年和最近一期每股收益、每股净资产等财务指标的影响（如有）,3,3,3
146,4、公司认为必要或证券监管机构要求披露的其他内容,公司认为必要或证券监管机构要求披露的其他内容,3,4,4
147,(二)限售股份变动情况,限售股份变动情况,4,二,2
148,二、证券发行与上市情况,证券发行与上市情况,2,二,2
149,(一)截至报告期内证券发行情况,截至报告期内证券发行情况,3,一,1
150,(二)公司普通股股份总数及股东结构变动及公司资产和负债结构的变动情况,公司普通股股份总数及股东结构变动及公司资产和负债结构的变动情况,3,二,2
151,(三)现存的内部职工股情况,现存的内部职工股情况,3,三,3
152,三、股东和实际控制人情况,股东和实际控制人情况,2,三,3
153,(一)股东总数,股东总数,3,一,1
154,(二)截止报告期末前十名股东、前十名流通股东（或无限售条件股东）持股情况表,截止报告期末前十名股东、前十名流通股东（或无限售条件股东）持股情况表,3,二,2
155,(三)战略投资者或一般法人因配售新股成为前10名股东,战略投资者或一般法人因配售新股成为前10名股东,3,三,3
156,四、控股股东及实际控制人情况,控股股东及实际控制人情况,2,四,4
157,(一)控股股东情况,控股股东情况,3,一,1
158,1法人,法人,3,1,1
159,2自然人,自然人,3,2,2
160,3公司不存在控股股东情况的特别说明,公司不存在控股股东情况的特别说明,3,3,3
161,4报告期内控股股东变更情况索引及日期,报告期内控股股东变更情况索引及日期,3,4,4
162,5公司与控股股东之间的产权及控制关系的方框图,公司与控股股东之间的产权及控制关系的方框图,3,5,5
163,(二)实际控制人情况,实际控制人情况,4,二,2
164,1法人,法人,3,1,1
165,2自然人,自然人,3,2,2
166,3公司不存在实际控制人情况的特别说明,公司不存在实际控制人情况的特别说明,3,3,3
167,4报告期内实际控制人变更情况索引及日期,报告期内实际控制人变更情况索引及日期,3,4,4
168,5公司与实际控制人之间的产权及控制关系的方框图,公司与实际控制人之间的产权及控制关系的方框图,3,5,5
169,6实际控制人通过信托或其他资产管理方式控制公司,实际控制人通过信托或其他资产管理方式控制公司,3,6,6
170,(三)控股股东及实际控制人其他情况介绍,控股股东及实际控制人其他情况介绍,4,三,3
171,五、其他持股在百分之十以上的法人股东,其他持股在百分之十以上的法人股东,2,五,5
172,六、股份限制减持情况说明,股份限制减持情况说明,2,六,6
173,第七节优先股相关情况,优先股相关情况,1,七,7
174,第八节董事、监事、高级管理人员和员工情况,董事、监事、高级管理人员和员工情况,1,八,8
175,一、持股变动情况及报酬情况,持股变动情况及报酬情况,2,一,1
176,(一)现任及报告期内离任董事、监事和高级管理人员持股变动及报酬情况,现任及报告期内离任董事、监事和高级管理人员持股变动及报酬情况,3,一,1
177,(二)董事、高级管理人员报告期内被授予的股权激励情况,董事、高级管理人员报告期内被授予的股权激励情况,3,二,2
178,二、现任及报告期内离任董事、监事和高级管理人员的任职情况,现任及报告期内离任董事、监事和高级管理人员的任职情况,2,二,2
179,(一)在股东单位任职情况,在股东单位任职情况,3,一,1
180,(二)在其他单位任职情况,在其他单位任职情况,3,二,2
181,三、董事、监事、高级管理人员报酬情况,董事、监事、高级管理人员报酬情况,2,三,3
182,四、公司董事、监事、高级管理人员变动情况,公司董事、监事、高级管理人员变动情况,2,四,4
183,五、近三年受证券监管机构处罚的情况说明,近三年受证券监管机构处罚的情况说明,2,五,5
184,六、母公司和主要子公司的员工情况,母公司和主要子公司的员工情况,2,六,6
185,(一)员工情况,员工情况,3,一,1
186,(二)薪酬政策,薪酬政策,3,二,2
187,(三)培训计划,培训计划,3,三,3
188,(四)劳务外包情况,劳务外包情况,3,四,4
189,第九节公司治理,公司治理,1,九,9
190,一、公司治理相关情况说明,公司治理相关情况说明,2,一,1
191,二、股东大会情况简介,股东大会情况简介,2,二,2
192,三、董事履行职责情况,董事履行职责情况,2,三,3
193,(一)董事参加董事会和股东大会的情况,董事参加董事会和股东大会的情况,3,一,1
194,(二)独立董事对公司有关事项提出异议的情况,独立董事对公司有关事项提出异议的情况,3,二,2
195,(三)其他,其他,3,三,3
196,四、董事会下设专门委员会在报告期内履行职责时所提出的重要意见和建议，存在异议事项的，应当披露具体情况,董事会下设专门委员会在报告期内履行职责时所提出的重要意见和建议，存在异议事项的，应当披露具体情况,2,四,4
197,五、监事会发现公司存在风险的说明,监事会发现公司存在风险的说明,2,五,5
198,六、公司就其与控股股东在业务、人员、资产、机构、财务等方面存在的不能保证独立性、不能保持自主经营能力的情况说明,公司就其与控股股东在业务、人员、资产、机构、财务等方面存在的不能保证独立性、不能保持自主经营能力的情况说明,2,六,6
199,七、报告期内对高级管理人员的考评机制，以及激励机制的建立、实施情况,报告期内对高级管理人员的考评机制，以及激励机制的建立、实施情况,2,七,7
200,八、是否披露内部控制自我评价报告,是否披露内部控制自我评价报告,2,八,8
201,九、内部控制审计报告的相关情况说明,内部控制审计报告的相关情况说明,2,九,9
202,十、其他,其他,2,十,a
203,第十节公司债券相关情况,公司债券相关情况,1,十,a
204,第十一节财务报告,财务报告,1,十一,b
205,一、审计报告,审计报告,2,一,1
206,二、财务报表,财务报表,2,二,2
207,三、公司基本情况,公司基本情况,2,三,3
208,1.公司概况,公司概况,3,1,1
209,2.合并财务报表范围,合并财务报表范围,3,2,2
210,四、财务报表的编制基础,财务报表的编制基础,2,四,4
211,1.编制基础,编制基础,3,1,1
212,2.持续经营,持续经营,3,2,2
213,五、重要会计政策及会计估计,,,,
214,1.遵循企业会计准则的声明,遵循企业会计准则的声明,3,1,1
215,2.会计期间,会计期间,3,2,2
216,3.营业周期,营业周期,3,3,3
217,4.记账本位币,记账本位币,3,4,4
218,5.同一控制下和非同一控制下企业合并的会计处理方法,同一控制下和非同一控制下企业合并的会计处理方法,3,5,5
219,6.合并财务报表的编制方法,合并财务报表的编制方法,3,6,6
220,7.合营安排分类及共同经营会计处理方法,合营安排分类及共同经营会计处理方法,3,7,7
221,8.现金及现金等价物的确定标准,现金及现金等价物的确定标准,3,8,8
222,9.外币业务和外币报表折算,外币业务和外币报表折算,3,9,9
223,10.金融工具,金融工具,3,10,a
224,11.应收款项,应收款项,3,11,b
225,(1).单项金额重大并单独计提坏账准备的应收款项,单项金额重大并单独计提坏账准备的应收款项,4,1,1
226,(2).按信用风险特征组合计提坏账准备的应收款项：,按信用风险特征组合计提坏账准备的应收款项：,4,2,2
227,(3).单项金额不重大但单独计提坏账准备的应收款项：,单项金额不重大但单独计提坏账准备的应收款项：,4,3,3
228,12.存货,存货,3,12,c
229,13.持有待售资产,持有待售资产,3,13,d
230,14.长期股权投资,长期股权投资,3,14,e
231,15.投资性房地产,投资性房地产,3,15,f
232,16.固定资产,固定资产,3,16,10
233,(1).确认条件,确认条件,4,1,1
234,(2).折旧方法,折旧方法,4,2,2
235,(3).融资租入固定资产的认定依据、计价和折旧方法,融资租入固定资产的认定依据、计价和折旧方法,4,3,3
236,17.在建工程,在建工程,3,17,11
237,18.借款费用,借款费用,3,18,12
238,19.生物资产,生物资产,3,19,13
239,20.油气资产,油气资产,3,20,14
240,21.无形资产,无形资产,3,21,15
241,(1).计价方法、使用寿命、减值测试,计价方法、使用寿命、减值测试,4,1,1
242,(2).内部研究开发支出会计政策,内部研究开发支出会计政策,4,2,2
243,22.长期资产减值,长期资产减值,3,22,16
244,23.长期待摊费用,长期待摊费用,3,23,17
245,24.职工薪酬,职工薪酬,3,24,18
246,(1)、短期薪酬的会计处理方法,短期薪酬的会计处理方法,4,1,1
247,(2)、离职后福利的会计处理方法,离职后福利的会计处理方法,4,2,2
248,(3)、辞退福利的会计处理方法,辞退福利的会计处理方法,4,3,3
249,(4)、其他长期职工福利的会计处理方法,其他长期职工福利的会计处理方法,4,4,4
250,25.预计负债,预计负债,3,25,19
251,26.股份支付,股份支付,3,26,1a
252,27.优先股、永续债等其他金融工具,优先股、永续债等其他金融工具,3,27,1b
253,28.收入,收入,3,28,1c
254,29.政府补助,政府补助,3,29,1d
255,(1)、与资产相关的政府补助判断依据及会计处理方法,与资产相关的政府补助判断依据及会计处理方法,4,1,1
256,(2)、与收益相关的政府补助判断依据及会计处理方法,与收益相关的政府补助判断依据及会计处理方法,4,2,2
257,30.递延所得税资产/递延所得税负债,递延所得税资产/递延所得税负债,3,30,1e
258,31.租赁,租赁,3,31,1f
259,(1)、经营租赁的会计处理方法,经营租赁的会计处理方法,4,1,1
260,(2)、融资租赁的会计处理方法,融资租赁的会计处理方法,4,2,2
261,32.其他重要的会计政策和会计估计,其他重要的会计政策和会计估计,3,32,20
262,33.重要会计政策和会计估计的变更,重要会计政策和会计估计的变更,3,33,21
263,(1)、重要会计政策变更,重要会计政策变更,4,1,1
264,(2)、重要会计估计变更,重要会计估计变更,4,2,2
265,34.其他,其他,3,34,22
266,六、税项,税项,2,六,6
267,1.主要税种及税率,主要税种及税率,3,1,1
268,2.税收优惠,税收优惠,3,2,2
269,3.其他,其他,3,3,3
270,七、合并财务报表项目注释,合并财务报表项目注释,2,七,7
271,1、货币资金,货币资金,3,1,1
272,2、以公允价值计量且其变动计入当期损益的金融资产,以公允价值计量且其变动计入当期损益的金融资产,3,2,2
273,3、衍生金融资产,衍生金融资产,3,3,3
274,4、应收票据,应收票据,3,4,4
275,(1).应收票据分类列示,应收票据分类列示,4,1,1
276,(2).期末公司已质押的应收票据,期末公司已质押的应收票据,4,2,2
277,(3).期末公司已背书或贴现且在资产负债表日尚未到期的应收票据：,期末公司已背书或贴现且在资产负债表日尚未到期的应收票据：,4,3,3
278,(4).期末公司因出票人未履约而将其转应收账款的票据,期末公司因出票人未履约而将其转应收账款的票据,4,4,4
279,5、应收账款,应收账款,3,5,5
280,(1).应收账款分类披露,应收账款分类披露,4,1,1
281,(2).本期计提、收回或转回的坏账准备情况：,本期计提、收回或转回的坏账准备情况：,4,2,2
282,(3).本期实际核销的应收账款情况,本期实际核销的应收账款情况,4,3,3
283,(4).按欠款方归集的期末余额前五名的应收账款情况：,按欠款方归集的期末余额前五名的应收账款情况：,4,4,4
284,(5).因金融资产转移而终止确认的应收账款：,因金融资产转移而终止确认的应收账款：,4,5,5
285,(6).转移应收账款且继续涉入形成的资产、负债金额：,转移应收账款且继续涉入形成的资产、负债金额：,4,6,6
286,6、预付款项,预付款项,3,6,6
287,(1).预付款项按账龄列示,预付款项按账龄列示,4,1,1
288,(2).按预付对象归集的期末余额前五名的预付款情况：,按预付对象归集的期末余额前五名的预付款情况：,4,2,2
289,7、应收利息,应收利息,3,7,7
290,(1).应收利息分类,应收利息分类,4,1,1
291,(2).重要逾期利息,重要逾期利息,4,2,2
292,8、应收股利,应收股利,3,8,8
293,(1).应收股利,应收股利,4,1,1
294,(2).重要的账龄超过1年的应收股利：,重要的账龄超过1年的应收股利：,4,2,2
295,9、其他应收款,其他应收款,3,9,9
296,(1).其他应收款分类披露,其他应收款分类披露,4,1,1
297,(2).本期计提、收回或转回的坏账准备情况：,本期计提、收回或转回的坏账准备情况：,4,2,2
298,(3).本期实际核销的其他应收款情况,本期实际核销的其他应收款情况,4,3,3
299,(4).其他应收款按款项性质分类情况,其他应收款按款项性质分类情况,4,4,4
300,(5).按欠款方归集的期末余额前五名的其他应收款情况：,按欠款方归集的期末余额前五名的其他应收款情况：,4,5,5
301,(6).涉及政府补助的应收款项,涉及政府补助的应收款项,4,6,6
302,(7).因金融资产转移而终止确认的其他应收款：,因金融资产转移而终止确认的其他应收款：,4,7,7
303,(8).转移其他应收款且继续涉入形成的资产、负债的金额：,转移其他应收款且继续涉入形成的资产、负债的金额：,4,8,8
304,10、存货,存货,3,10,a
305,(1).存货分类,存货分类,4,1,1
306,(2).存货跌价准备,存货跌价准备,4,2,2
307,(3).存货期末余额含有借款费用资本化金额的说明：,存货期末余额含有借款费用资本化金额的说明：,4,3,3
308,(4).期末建造合同形成的已完工未结算资产情况：,期末建造合同形成的已完工未结算资产情况：,4,4,4
309,11、持有待售资产,持有待售资产,3,11,b
310,12、一年内到期的非流动资产,一年内到期的非流动资产,3,12,c
311,13、其他流动资产,其他流动资产,3,13,d
312,14、可供出售金融资产,可供出售金融资产,3,14,e
313,(1).可供出售金融资产情况,可供出售金融资产情况,4,1,1
314,(2).期末按公允价值计量的可供出售金融资产,期末按公允价值计量的可供出售金融资产,4,2,2
315,(3).期末按成本计量的可供出售金融资产,期末按成本计量的可供出售金融资产,4,3,3
316,(4).报告期内可供出售金融资产减值的变动情况,报告期内可供出售金融资产减值的变动情况,4,4,4
317,(5).可供出售权益工具期末公允价值严重下跌或非暂时性下跌但未计提减值准备的相关说明：,可供出售权益工具期末公允价值严重下跌或非暂时性下跌但未计提减值准备的相关说明：,4,5,5
318,15、持有至到期投资,持有至到期投资,3,15,f
319,(1).持有至到期投资情况：,持有至到期投资情况：,4,1,1
320,(2).期末重要的持有至到期投资：,期末重要的持有至到期投资：,4,2,2
321,(3).本期重分类的持有至到期投资：,本期重分类的持有至到期投资：,4,3,3
322,16、长期应收款,长期应收款,3,16,10
323,(1)长期应收款情况：,长期应收款情况：,4,1,1
324,(2)因金融资产转移而终止确认的长期应收款,因金融资产转移而终止确认的长期应收款,4,2,2
325,(3)转移长期应收款且继续涉入形成的资产、负债金额,转移长期应收款且继续涉入形成的资产、负债金额,4,3,3
326,17、长期股权投资,长期股权投资,3,17,11
327,18、投资性房地产,投资性房地产,3,18,12
328,19、固定资产,固定资产,3,19,13
329,(1).固定资产情况,固定资产情况,4,1,1
330,(2).暂时闲置的固定资产情况,暂时闲置的固定资产情况,4,2,2
331,(3).通过融资租赁租入的固定资产情况,通过融资租赁租入的固定资产情况,4,3,3
332,(4).通过经营租赁租出的固定资产,通过经营租赁租出的固定资产,4,4,4
333,(5).未办妥产权证书的固定资产情况,未办妥产权证书的固定资产情况,4,5,5
334,20、在建工程,在建工程,3,20,14
335,(1).在建工程情况,在建工程情况,4,1,1
336,(2).重要在建工程项目本期变动情况,重要在建工程项目本期变动情况,4,2,2
337,(3).本期计提在建工程减值准备情况：,本期计提在建工程减值准备情况：,4,3,3
338,21、工程物资,工程物资,3,21,15
339,22、固定资产清理,固定资产清理,3,22,16
340,23、生产性生物资产,生产性生物资产,3,23,17
341,(1).采用成本计量模式的生产性生物资产,采用成本计量模式的生产性生物资产,4,1,1
342,(2).采用公允价值计量模式的生产性生物资产,采用公允价值计量模式的生产性生物资产,4,2,2
343,24、油气资产,油气资产,3,24,18
344,25、无形资产,无形资产,3,25,19
345,(1).无形资产情况,无形资产情况,4,1,1
346,(2).未办妥产权证书的土地使用权情况：,未办妥产权证书的土地使用权情况：,4,2,2
347,26、开发支出,开发支出,3,26,1a
348,27、商誉,商誉,3,27,1b
349,(1).商誉账面原值,商誉账面原值,4,1,1
350,(2).商誉减值准备,商誉减值准备,4,2,2
351,28、长期待摊费用,长期待摊费用,3,28,1c
352,29、递延所得税资产/递延所得税负债,递延所得税资产/递延所得税负债,3,29,1d
353,(1).未经抵销的递延所得税资产,未经抵销的递延所得税资产,4,1,1
354,(2).未经抵销的递延所得税负债,未经抵销的递延所得税负债,4,2,2
355,(3).以抵销后净额列示的递延所得税资产或负债：,以抵销后净额列示的递延所得税资产或负债：,4,3,3
356,(4).未确认递延所得税资产明细,未确认递延所得税资产明细,4,4,4
357,(5).未确认递延所得税资产的可抵扣亏损将于以下年度到期,未确认递延所得税资产的可抵扣亏损将于以下年度到期,4,5,5
358,30、其他非流动资产,其他非流动资产,3,30,1e
359,31、短期借款,短期借款,3,31,1f
360,(1).短期借款分类,短期借款分类,4,1,1
361,(2).已逾期未偿还的短期借款情况,已逾期未偿还的短期借款情况,4,2,2
362,32、以公允价值计量且其变动计入当期损益的金融负债,以公允价值计量且其变动计入当期损益的金融负债,3,32,20
363,33、衍生金融负债,衍生金融负债,3,33,21
364,34、应付票据,应付票据,3,34,22
365,35、应付账款,应付账款,3,35,23
366,(1).应付账款列示,应付账款列示,4,1,1
367,(2).账龄超过1年的重要应付账款,账龄超过1年的重要应付账款,4,2,2
368,36、预收款项,预收款项,3,36,24
369,(1).预收账款项列示,预收账款项列示,4,1,1
370,(2).账龄超过1年的重要预收款项,账龄超过1年的重要预收款项,4,2,2
371,(3).期末建造合同形成的已结算未完工项目情况：,期末建造合同形成的已结算未完工项目情况：,4,3,3
372,37、应付职工薪酬,应付职工薪酬,3,37,25
373,(1).应付职工薪酬列示：,应付职工薪酬列示：,4,1,1
374,(2).短期薪酬列示：,短期薪酬列示：,4,2,2
375,(3).设定提存计划列示,设定提存计划列示,4,3,3
376,38、应交税费,应交税费,3,38,26
377,39、应付利息,应付利息,3,39,27
378,40、应付股利,应付股利,3,40,28
379,41、其他应付款,其他应付款,3,41,29
380,(1).按款项性质列示其他应付款,按款项性质列示其他应付款,4,1,1
381,(2).账龄超过1年的重要其他应付款,账龄超过1年的重要其他应付款,4,2,2
382,42、持有待售负债,持有待售负债,3,42,2a
383,43、1年内到期的非流动负债,1年内到期的非流动负债,3,43,2b
384,45、长期借款,长期借款,3,45,2d
385,(1).长期借款分类,长期借款分类,4,1,1
386,46、应付债券,应付债券,3,46,2e
387,(1).应付债券,应付债券,4,1,1
388,(2).应付债券的增减变动：（不包括划分为金融负债的优先股、永续债等其他金融工具）,应付债券的增减变动：（不包括划分为金融负债的优先股、永续债等其他金融工具）,4,2,2
389,(3).可转换公司债券的转股条件、转股时间说明：,可转换公司债券的转股条件、转股时间说明：,4,3,3
390,(4).划分为金融负债的其他金融工具说明：,划分为金融负债的其他金融工具说明：,4,4,4
391,47、长期应付款,长期应付款,3,47,2f
392,(1)按款项性质列示长期应付款：,按款项性质列示长期应付款：,4,1,1
393,48、长期应付职工薪酬,长期应付职工薪酬,3,48,30
394,49、专项应付款,专项应付款,3,49,31
395,50、预计负债,预计负债,3,50,32
396,51、递延收益,递延收益,3,51,33
397,52、其他非流动负债,其他非流动负债,3,52,34
398,53、股本,股本,3,53,35
399,54、其他权益工具,其他权益工具,3,54,36
400,(1)期末发行在外的优先股、永续债等其他金融工具基本情况,期末发行在外的优先股、永续债等其他金融工具基本情况,4,1,1
401,(2)期末发行在外的优先股、永续债等金融工具变动情况表,期末发行在外的优先股、永续债等金融工具变动情况表,4,2,2
402,55、资本公积,资本公积,3,55,37
403,56、库存股,库存股,3,56,38
404,57、其他综合收益,其他综合收益,3,57,39
405,58、专项储备,专项储备,3,58,3a
406,59、盈余公积,盈余公积,3,59,3b
407,60、未分配利润,未分配利润,3,60,3c
408,61、营业收入和营业成本,营业收入和营业成本,3,61,3d
409,62、税金及附加,税金及附加,3,62,3e
410,63、销售费用,销售费用,3,63,3f
411,64、管理费用,管理费用,3,64,40
412,65、财务费用,财务费用,3,65,41
413,66、资产减值损失,资产减值损失,3,66,42
414,67、公允价值变动收益,公允价值变动收益,3,67,43
415,68、投资收益,投资收益,3,68,44
416,69、营业外收入,营业外收入,3,69,45
417,70、营业外支出,营业外支出,3,70,46
418,71、所得税费用,所得税费用,3,71,47
419,(1)所得税费用表,所得税费用表,4,1,1
420,(2)会计利润与所得税费用调整过程：,会计利润与所得税费用调整过程：,4,2,2
421,72、其他综合收益,其他综合收益,3,72,48
422,73、现金流量表项目,现金流量表项目,3,73,49
423,(1).收到的其他与经营活动有关的现金：,收到的其他与经营活动有关的现金：,4,1,1
424,(2).支付的其他与经营活动有关的现金：,支付的其他与经营活动有关的现金：,4,2,2
425,(3).收到的其他与投资活动有关的现金,收到的其他与投资活动有关的现金,4,3,3
426,(4).支付的其他与投资活动有关的现金,支付的其他与投资活动有关的现金,4,4,4
427,(5).收到的其他与筹资活动有关的现金,收到的其他与筹资活动有关的现金,4,5,5
428,(6).支付的其他与筹资活动有关的现金,支付的其他与筹资活动有关的现金,4,6,6
429,74、现金流量表补充资料,现金流量表补充资料,3,74,4a
430,(1)现金流量表补充资料,现金流量表补充资料,4,1,1
431,(2)本期支付的取得子公司的现金净额,本期支付的取得子公司的现金净额,4,2,2
432,(3)本期收到的处置子公司的现金净额,本期收到的处置子公司的现金净额,4,3,3
433,(4)现金和现金等价物的构成,现金和现金等价物的构成,4,4,4
434,75、所有者权益变动表项目注释,所有者权益变动表项目注释,3,75,4b
435,76、所有权或使用权受到限制的资产,所有权或使用权受到限制的资产,3,76,4c
436,77、外币货币性项目,外币货币性项目,3,77,4d
437,(1).外币货币性项目：,外币货币性项目：,4,1,1
438,(2).境外经营实体说明，包括对于重要的境外经营实体，应披露其境外主要经营地、记账本位币及选择依据，记账本位币发生变化的还应披露原因。,境外经营实体说明，包括对于重要的境外经营实体，应披露其境外主要经营地、记账本位币及选择依据，记账本位币发生变化的还应披露原因。,4,2,2
439,78、套期,套期,3,78,4e
440,79、政府补助,政府补助,3,79,4f
441,1.政府补助基本情况,政府补助基本情况,3,1,1
442,2.政府补助退回情况,政府补助退回情况,3,2,2
443,80、其他,其他,3,80,50
444,八、合并范围的变更,合并范围的变更,2,八,8
445,1、非同一控制下企业合并,非同一控制下企业合并,3,1,1
446,(1).本期发生的非同一控制下企业合并,本期发生的非同一控制下企业合并,4,1,1
447,(2).合并成本及商誉,合并成本及商誉,4,2,2
448,(3).被购买方于购买日可辨认资产、负债,被购买方于购买日可辨认资产、负债,4,3,3
449,(5).购买日或合并当期期末无法合理确定合并对价或被购买方可辨认资产、负债公允价值的相关说明,购买日或合并当期期末无法合理确定合并对价或被购买方可辨认资产、负债公允价值的相关说明,4,5,5
450,(6).其他说明：,其他说明：,4,6,6
451,2、同一控制下企业合并,同一控制下企业合并,3,2,2
452,3、反向购买,反向购买,3,3,3
453,4、处置子公司,处置子公司,3,4,4
454,5、其他原因的合并范围变动,其他原因的合并范围变动,3,5,5
455,6、其他,其他,3,6,6
456,九、在其他主体中的权益,在其他主体中的权益,2,九,9
457,1、在子公司中的权益,在子公司中的权益,3,1,1
458,(1).企业集团的构成,企业集团的构成,4,1,1
459,(2).重要的非全资子公司,重要的非全资子公司,4,2,2
460,(3).重要非全资子公司的主要财务信息,重要非全资子公司的主要财务信息,4,3,3
461,(4).使用企业集团资产和清偿企业集团债务的重大限制：,使用企业集团资产和清偿企业集团债务的重大限制：,4,4,4
462,(5).向纳入合并财务报表范围的结构化主体提供的财务支持或其他支持：,向纳入合并财务报表范围的结构化主体提供的财务支持或其他支持：,4,5,5
463,2、在子公司的所有者权益份额发生变化且仍控制子公司的交易,在子公司的所有者权益份额发生变化且仍控制子公司的交易,3,2,2
464,3、在合营企业或联营企业中的权益,在合营企业或联营企业中的权益,3,3,3
465,(1).重要的合营企业或联营企业,重要的合营企业或联营企业,4,1,1
466,(2).重要合营企业的主要财务信息,重要合营企业的主要财务信息,4,2,2
467,(3).重要联营企业的主要财务信息,重要联营企业的主要财务信息,4,3,3
468,(4).不重要的合营企业和联营企业的汇总财务信息,不重要的合营企业和联营企业的汇总财务信息,4,4,4
469,(5).合营企业或联营企业向本公司转移资金的能力存在重大限制的说明：,合营企业或联营企业向本公司转移资金的能力存在重大限制的说明：,4,5,5
470,(6).合营企业或联营企业发生的超额亏损,合营企业或联营企业发生的超额亏损,4,6,6
471,(7).与合营企业投资相关的未确认承诺,与合营企业投资相关的未确认承诺,4,7,7
472,(8).与合营企业或联营企业投资相关的或有负债,与合营企业或联营企业投资相关的或有负债,4,8,8
473,4、重要的共同经营,重要的共同经营,3,4,4
474,6、其他,其他,3,6,6
475,十、与金融工具相关的风险,与金融工具相关的风险,2,十,a
476,十一、公允价值的披露,公允价值的披露,2,十一,b
477,1、以公允价值计量的资产和负债的期末公允价值,以公允价值计量的资产和负债的期末公允价值,3,1,1
478,2、持续和非持续第一层次公允价值计量项目市价的确定依据,持续和非持续第一层次公允价值计量项目市价的确定依据,3,2,2
479,3、持续和非持续第二层次公允价值计量项目，采用的估值技术和重要参数的定性及定量信息,持续和非持续第二层次公允价值计量项目，采用的估值技术和重要参数的定性及定量信息,3,3,3
480,4、持续和非持续第三层次公允价值计量项目，采用的估值技术和重要参数的定性及定量信息,持续和非持续第三层次公允价值计量项目，采用的估值技术和重要参数的定性及定量信息,3,4,4
481,5、持续的第三层次公允价值计量项目，期初与期末账面价值间的调节信息及不可观察参数敏感性分析,持续的第三层次公允价值计量项目，期初与期末账面价值间的调节信息及不可观察参数敏感性分析,3,5,5
482,6、持续的公允价值计量项目，本期内发生各层级之间转换的，转换的原因及确定转换时点的政策,持续的公允价值计量项目，本期内发生各层级之间转换的，转换的原因及确定转换时点的政策,3,6,6
483,7、本期内发生的估值技术变更及变更原因,本期内发生的估值技术变更及变更原因,3,7,7
484,8、不以公允价值计量的金融资产和金融负债的公允价值情况,不以公允价值计量的金融资产和金融负债的公允价值情况,3,8,8
485,9、其他,其他,3,9,9
486,十二、关联方及关联交易,关联方及关联交易,2,十二,c
487,1、本企业的母公司情况,本企业的母公司情况,3,1,1
488,2、本企业的子公司情况,本企业的子公司情况,3,2,2
489,3、本企业合营和联营企业情况,本企业合营和联营企业情况,3,3,3
490,4、其他关联方情况,其他关联方情况,3,4,4
491,5、关联交易情况,关联交易情况,3,5,5
492,(1).购销商品、提供和接受劳务的关联交易,购销商品、提供和接受劳务的关联交易,4,1,1
493,(2).关联受托管理/承包及委托管理/出包情况,关联受托管理/承包及委托管理/出包情况,4,2,2
494,(3).关联租赁情况,关联租赁情况,4,3,3
495,(4).关联担保情况,关联担保情况,4,4,4
496,(5).关联方资金拆借,关联方资金拆借,4,5,5
497,(6).关联方资产转让、债务重组情况,关联方资产转让、债务重组情况,4,6,6
498,(7).关键管理人员报酬,关键管理人员报酬,4,7,7
499,(8).其他关联交易,其他关联交易,4,8,8
500,6、关联方应收应付款项,关联方应收应付款项,3,6,6
501,(1).应收项目,应收项目,4,1,1
502,(2).应付项目,应付项目,4,2,2
503,7、关联方承诺,关联方承诺,3,7,7
504,8、其他,其他,3,8,8
505,十三、股份支付,股份支付,2,十三,d
506,1、股份支付总体情况,股份支付总体情况,3,1,1
507,2、以权益结算的股份支付情况,以权益结算的股份支付情况,3,2,2
508,3、以现金结算的股份支付情况,以现金结算的股份支付情况,3,3,3
509,4、股份支付的修改、终止情况,股份支付的修改、终止情况,3,4,4
510,5、其他,其他,3,5,5
511,十四、承诺及或有事项,承诺及或有事项,2,十四,e
512,1、重要承诺事项,重要承诺事项,3,1,1
513,2、或有事项,或有事项,3,2,2
514,(1).资产负债表日存在的重要或有事项,资产负债表日存在的重要或有事项,4,1,1
515,(2).公司没有需要披露的重要或有事项，也应予以说明：,公司没有需要披露的重要或有事项，也应予以说明：,4,2,2
516,3、其他,其他,3,3,3
517,十五、资产负债表日后事项,资产负债表日后事项,2,十五,f
518,1、重要的非调整事项,重要的非调整事项,3,1,1
519,2、利润分配情况,利润分配情况,3,2,2
520,3、销售退回,销售退回,3,3,3
521,4、其他资产负债表日后事项说明,其他资产负债表日后事项说明,3,4,4
522,十六、其他重要事项,其他重要事项,2,十六,10
523,1、前期会计差错更正,前期会计差错更正,3,1,1
524,(1).追溯重述法,追溯重述法,4,1,1
525,(2).未来适用法,未来适用法,4,2,2
526,2、债务重组,债务重组,3,2,2
527,3、资产置换,资产置换,3,3,3
528,(1).非货币性资产交换,非货币性资产交换,4,1,1
529,(2).其他资产置换,其他资产置换,4,2,2
530,4、年金计划,年金计划,3,4,4
531,5、终止经营,终止经营,3,5,5
532,6、分部信息,分部信息,3,6,6
533,(1).报告分部的确定依据与会计政策：,报告分部的确定依据与会计政策：,4,1,1
534,(2).报告分部的财务信息,报告分部的财务信息,4,2,2
535,(3).公司无报告分部的，或者不能披露各报告分部的资产总额和负债总额的，应说明原因,公司无报告分部的，或者不能披露各报告分部的资产总额和负债总额的，应说明原因,4,3,3
536,(4).其他说明：,其他说明：,4,4,4
537,7、其他对投资者决策有影响的重要交易和事项,其他对投资者决策有影响的重要交易和事项,3,7,7
538,8、其他,其他,3,8,8
539,十七、母公司财务报表主要项目注释,母公司财务报表主要项目注释,2,十七,11
540,1、应收账款,应收账款,3,1,1
541,(1).应收账款分类披露：,应收账款分类披露：,4,1,1
542,(2).本期计提、收回或转回的坏账准备情况：,本期计提、收回或转回的坏账准备情况：,4,2,2
543,(3).本期实际核销的应收账款情况,本期实际核销的应收账款情况,4,3,3
544,(4).按欠款方归集的期末余额前五名的应收账款情况：,按欠款方归集的期末余额前五名的应收账款情况：,4,4,4
545,(5).因金融资产转移而终止确认的应收账款：,因金融资产转移而终止确认的应收账款：,4,5,5
546,(6).转移应收账款且继续涉入形成的资产、负债金额：,转移应收账款且继续涉入形成的资产、负债金额：,4,6,6
547,2、其他应收款,其他应收款,3,2,2
548,(1).其他应收款分类披露：,其他应收款分类披露：,4,1,1
549,(2).本期计提、收回或转回的坏账准备情况：,本期计提、收回或转回的坏账准备情况：,4,2,2
550,(3).本期实际核销的其他应收款情况,本期实际核销的其他应收款情况,4,3,3
551,(4).其他应收款按款项性质分类情况,其他应收款按款项性质分类情况,4,4,4
552,(5).按欠款方归集的期末余额前五名的其他应收款情况：,按欠款方归集的期末余额前五名的其他应收款情况：,4,5,5
553,(6).涉及政府补助的应收款项,涉及政府补助的应收款项,4,6,6
554,(7).因金融资产转移而终止确认的其他应收款：,因金融资产转移而终止确认的其他应收款：,4,7,7
555,(8).转移其他应收款且继续涉入形成的资产、负债金额：,转移其他应收款且继续涉入形成的资产、负债金额：,4,8,8
556,3、长期股权投资,长期股权投资,3,3,3
557,(1)对子公司投资,对子公司投资,4,1,1
558,(2)对联营、合营企业投资,对联营、合营企业投资,4,2,2
559,4、营业收入和营业成本：,营业收入和营业成本：,3,4,4
560,5、投资收益,投资收益,3,5,5
561,6、其他,其他,3,6,6
562,十八、补充资料,补充资料,2,十八,12
563,1、当期非经常性损益明细表,当期非经常性损益明细表,3,1,1
564,2、净资产收益率及每股收益,净资产收益率及每股收益,3,2,2
565,3、境内外会计准则下会计数据差异,境内外会计准则下会计数据差异,3,3,3
566,4、其他,其他,3,4,4
567,第十二节备查文件目录,备查文件目录,1,十二,c
