,id,market,name,no_name,fatherno,level,selfno,no,has_child
118,1588,sz,重要提示、目录和释义,第一节重要提示、目录和释义,,1,01,01000000,0
119,1589,sz,公司简介和主要财务指标,第二节公司简介和主要财务指标,,1,02,02000000,1
120,1590,sz,公司信息,一、公司信息,02,2,01,02010000,0
121,1591,sz,联系人和联系方式,二、联系人和联系方式,02,2,02,02020000,0
122,1592,sz,信息披露及备置地点,三、信息披露及备置地点,02,2,03,02030000,0
123,1593,sz,注册变更情况,四、注册变更情况,02,2,04,02040000,0
124,1594,sz,其他有关资料,五、其他有关资料,02,2,05,02050000,0
125,1595,sz,主要会计数据和财务指标,六、主要会计数据和财务指标,02,2,06,02060000,0
126,1596,sz,境内外会计准则下会计数据差异,七、境内外会计准则下会计数据差异,02,2,07,02070000,1
127,1597,sz,同时按照国际会计准则与按照中国会计准则披露的财务报告中净利润和净资产差异情况,1、同时按照国际会计准则与按照中国会计准则披露的财务报告中净利润和净资产差异情况,0207,3,01,02070100,0
128,1598,sz,同时按照境外会计准则与按照中国会计准则披露的财务报告中净利润和净资产差异情况,2、同时按照境外会计准则与按照中国会计准则披露的财务报告中净利润和净资产差异情况,0207,3,02,02070200,0
129,1599,sz,分季度主要财务指标,八、分季度主要财务指标,02,2,08,02080000,0
130,1600,sz,非经常性损益项目及金额,九、非经常性损益项目及金额,02,2,09,02090000,0
131,1601,sz,公司业务概要,第三节公司业务概要,,1,03,03000000,1
132,1602,sz,报告期内公司从事的主要业务,一、报告期内公司从事的主要业务,03,2,01,03010000,0
133,1603,sz,主要资产重大变化情况,二、主要资产重大变化情况,03,2,02,03020000,1
134,1604,sz,主要资产重大变化情况,1、主要资产重大变化情况,0302,3,01,03020100,0
135,1605,sz,主要境外资产情况,2、主要境外资产情况,0302,3,02,03020200,0
136,1606,sz,核心竞争力分析,三、核心竞争力分析,03,2,03,03030000,0
137,1607,sz,经营情况讨论与分析,第四节经营情况讨论与分析,,1,04,04000000,1
138,1608,sz,概述,一、概述,04,2,01,04010000,0
139,1609,sz,主营业务分析,二、主营业务分析,04,2,02,04020000,1
140,1610,sz,概述,1、概述,0402,3,01,04020100,0
141,1611,sz,收入与成本,2、收入与成本,0402,3,02,04020200,1
142,1612,sz,营业收入构成,（1）营业收入构成,040202,4,01,04020201,0
143,1613,sz,占公司营业收入或营业利润10%以上的行业、产品或地区情况,（2）占公司营业收入或营业利润10%以上的行业、产品或地区情况,040202,4,02,04020202,0
144,1614,sz,公司实物销售收入是否大于劳务收入,（3）公司实物销售收入是否大于劳务收入,040202,4,03,04020203,0
145,1615,sz,公司已签订的重大销售合同截至本报告期的履行情况,（4）公司已签订的重大销售合同截至本报告期的履行情况,040202,4,04,04020204,0
146,1616,sz,营业成本构成,（5）营业成本构成,040202,4,05,04020205,0
147,1617,sz,报告期内合并范围是否发生变动,（6）报告期内合并范围是否发生变动,040202,4,06,04020206,0
148,1618,sz,公司报告期内业务、产品或服务发生重大变化或调整有关情况,（7）公司报告期内业务、产品或服务发生重大变化或调整有关情况,040202,4,07,04020207,0
149,1619,sz,主要销售客户和主要供应商情况,（8）主要销售客户和主要供应商情况,040202,4,08,04020208,0
150,1620,sz,费用,3、费用,0402,3,03,04020300,0
151,1621,sz,研发投入,4、研发投入,0402,3,04,04020400,0
152,1622,sz,现金流,5、现金流,0402,3,05,04020500,0
153,1623,sz,非主营业务分析,三、非主营业务分析,04,2,03,04030000,0
154,1624,sz,资产及负债状况分析,四、资产及负债状况分析,04,2,04,04040000,1
155,1625,sz,资产构成重大变动情况,1、资产构成重大变动情况,0404,3,01,04040100,0
156,1626,sz,以公允价值计量的资产和负债,2、以公允价值计量的资产和负债,0404,3,02,04040200,0
157,1627,sz,截至报告期末的资产权利受限情况,3、截至报告期末的资产权利受限情况,0404,3,03,04040300,0
158,1628,sz,投资状况分析,五、投资状况分析,04,2,05,04050000,1
159,1629,sz,总体情况,1、总体情况,0405,3,01,04050100,0
160,1630,sz,报告期内获取的重大的股权投资情况,2、报告期内获取的重大的股权投资情况,0405,3,02,04050200,0
161,1631,sz,报告期内正在进行的重大的非股权投资情况,3、报告期内正在进行的重大的非股权投资情况,0405,3,03,04050300,0
162,1632,sz,以公允价值计量的金融资产,4、以公允价值计量的金融资产,0405,3,04,04050400,0
163,1633,sz,募集资金使用情况,5、募集资金使用情况,0405,3,05,04050500,0
531,2001,sz,金融资产投资,4、金融资产投资,0405,3,06,04050600,0
164,1634,sz,重大资产和股权出售,六、重大资产和股权出售,04,2,06,04060000,1
165,1635,sz,出售重大资产情况,1、出售重大资产情况,0406,3,01,04060100,0
166,1636,sz,出售重大股权情况,2、出售重大股权情况,0406,3,02,04060200,0
167,1637,sz,主要控股参股公司分析,七、主要控股参股公司分析,04,2,07,04070000,0
168,1638,sz,公司控制的结构化主体情况,八、公司控制的结构化主体情况,04,2,08,04080000,0
169,1639,sz,公司未来发展的展望,九、公司未来发展的展望,04,2,09,04090000,0
170,1640,sz,接待调研、沟通、采访等活动,十、接待调研、沟通、采访等活动,04,2,0a,040a0000,1
171,1641,sz,报告期内接待调研、沟通、采访等活动登记表,1、报告期内接待调研、沟通、采访等活动登记表,040a,3,01,040a0100,0
172,1642,sz,重要事项,第五节重要事项,,1,05,05000000,1
173,1643,sz,公司普通股利润分配及资本公积金转增股本情况,一、公司普通股利润分配及资本公积金转增股本情况,05,2,01,05010000,0
174,1644,sz,本报告期利润分配及资本公积金转增股本预案,二、本报告期利润分配及资本公积金转增股本预案,05,2,02,05020000,0
175,1645,sz,承诺事项履行情况,三、承诺事项履行情况,05,2,03,05030000,1
176,1646,sz,公司实际控制人、股东、关联方、收购人以及公司等承诺相关方在报告期内履行完毕及截至报告期末尚未履行完毕的承诺事项,1、公司实际控制人、股东、关联方、收购人以及公司等承诺相关方在报告期内履行完毕及截至报告期末尚未履行完毕的承诺事项,0503,3,01,05030100,0
177,1647,sz,公司资产或项目存在盈利预测，且报告期仍处在盈利预测期间，公司就资产或项目达到原盈利预测及其原因做出说明,2、公司资产或项目存在盈利预测，且报告期仍处在盈利预测期间，公司就资产或项目达到原盈利预测及其原因做出说明,0503,3,02,05030200,0
178,1648,sz,控股股东及其关联方对上市公司的非经营性占用资金情况,四、控股股东及其关联方对上市公司的非经营性占用资金情况,05,2,04,05040000,0
179,1649,sz,董事会、监事会、独立董事（如有）对会计师事务所本报告期“非标准审计报告”的说明,五、董事会、监事会、独立董事（如有）对会计师事务所本报告期“非标准审计报告”的说明,05,2,05,05050000,0
180,1650,sz,与上年度财务报告相比，会计政策、会计估计和核算方法发生变化的情况说明,六、与上年度财务报告相比，会计政策、会计估计和核算方法发生变化的情况说明,05,2,06,05060000,0
181,1651,sz,报告期内发生重大会计差错更正需追溯重述的情况说明,七、报告期内发生重大会计差错更正需追溯重述的情况说明,05,2,07,05070000,0
182,1652,sz,与上年度财务报告相比，合并报表范围发生变化的情况说明,八、与上年度财务报告相比，合并报表范围发生变化的情况说明,05,2,08,05080000,0
183,1653,sz,聘任、解聘会计师事务所情况,九、聘任、解聘会计师事务所情况,05,2,09,05090000,0
184,1654,sz,年度报告披露后面临暂停上市和终止上市情况,十、年度报告披露后面临暂停上市和终止上市情况,05,2,0a,050a0000,0
185,1655,sz,破产重整相关事项,十一、破产重整相关事项,05,2,0b,050b0000,0
186,1656,sz,重大诉讼、仲裁事项,十二、重大诉讼、仲裁事项,05,2,0c,050c0000,0
187,1657,sz,处罚及整改情况,十三、处罚及整改情况,05,2,0d,050d0000,0
188,1658,sz,公司及其控股股东、实际控制人的诚信状况,十四、公司及其控股股东、实际控制人的诚信状况,05,2,0e,050e0000,0
189,1659,sz,公司股权激励计划、员工持股计划或其他员工激励措施的实施情况,十五、公司股权激励计划、员工持股计划或其他员工激励措施的实施情况,05,2,0f,050f0000,0
190,1660,sz,重大关联交易,十六、重大关联交易,05,2,10,05100000,1
191,1661,sz,与日常经营相关的关联交易,1、与日常经营相关的关联交易,0510,3,01,05100100,0
192,1662,sz,资产或股权收购、出售发生的关联交易,2、资产或股权收购、出售发生的关联交易,0510,3,02,05100200,0
193,1663,sz,共同对外投资的关联交易,3、共同对外投资的关联交易,0510,3,03,05100300,0
194,1664,sz,关联债权债务往来,4、关联债权债务往来,0510,3,04,05100400,0
195,1665,sz,其他重大关联交易,5、其他重大关联交易,0510,3,05,05100500,0
196,1666,sz,重大合同及其履行情况,十七、重大合同及其履行情况,05,2,11,05110000,1
197,1667,sz,托管、承包、租赁事项情况,1、托管、承包、租赁事项情况,0511,3,01,05110100,1
198,1668,sz,托管情况,（1）托管情况,051101,4,01,05110101,0
199,1669,sz,承包情况,（2）承包情况,051101,4,02,05110102,0
200,1670,sz,租赁情况,（3）租赁情况,051101,4,03,05110103,0
201,1671,sz,重大担保,2、重大担保,0511,3,02,05110200,1
202,1672,sz,担保情况,（1）担保情况,051102,4,01,05110201,0
203,1673,sz,违规对外担保情况,（2）违规对外担保情况,051102,4,02,05110202,0
204,1674,sz,委托他人进行现金资产管理情况,3、委托他人进行现金资产管理情况,0511,3,03,05110300,1
205,1675,sz,委托理财情况,（1）委托理财情况,051103,4,01,05110301,0
206,1676,sz,委托贷款情况,（2）委托贷款情况,051103,4,02,05110302,0
207,1677,sz,其他重大合同,4、其他重大合同,0511,3,04,05110400,0
208,1678,sz,社会责任情况,十八、社会责任情况,05,2,12,05120000,1
209,1679,sz,履行社会责任情况,1、履行社会责任情况,0512,3,01,05120100,0
210,1680,sz,履行精准扶贫社会责任情况,2、履行精准扶贫社会责任情况,0512,3,02,05120200,0
211,1681,sz,环境保护相关的情况,3、环境保护相关的情况,0512,3,03,05120300,0
212,1682,sz,其他重大事项的说明,十九、其他重大事项的说明,05,2,13,05130000,0
213,1683,sz,公司子公司重大事项,二十、公司子公司重大事项,05,2,14,05140000,0
532,2002,sz,董事会对最近一期“非标准审计报告”相关情况的说明,四、董事会对最近一期“非标准审计报告”相关情况的说明,05,2,15,05150000,0
533,2003,sz,董事会关于报告期会计政策、会计估计变更或重大会计差错更正的说明,六、董事会关于报告期会计政策、会计估计变更或重大会计差错更正的说明,05,2,16,05160000,0
214,1684,sz,股份变动及股东情况,第六节股份变动及股东情况,,1,06,06000000,1
215,1685,sz,股份变动情况,一、股份变动情况,06,2,01,06010000,1
216,1686,sz,股份变动情况,1、股份变动情况,0601,3,01,06010100,0
217,1687,sz,限售股份变动情况,2、限售股份变动情况,0601,3,02,06010200,0
218,1688,sz,证券发行与上市情况,二、证券发行与上市情况,06,2,02,06020000,1
219,1689,sz,报告期内证券发行（不含优先股）情况,1、报告期内证券发行（不含优先股）情况,0602,3,01,06020100,0
220,1690,sz,公司股份总数及股东结构的变动、公司资产和负债结构的变动情况说明,2、公司股份总数及股东结构的变动、公司资产和负债结构的变动情况说明,0602,3,02,06020200,0
221,1691,sz,现存的内部职工股情况,3、现存的内部职工股情况,0602,3,03,06020300,0
222,1692,sz,股东和实际控制人情况,三、股东和实际控制人情况,06,2,03,06030000,1
223,1693,sz,公司股东数量及持股情况,1、公司股东数量及持股情况,0603,3,01,06030100,0
224,1694,sz,公司控股股东情况,2、公司控股股东情况,0603,3,02,06030200,0
225,1695,sz,公司实际控制人情况,3、公司实际控制人情况,0603,3,03,06030300,0
226,1696,sz,其他持股在10%以上的法人股东,4、其他持股在10%以上的法人股东,0603,3,04,06030400,0
227,1697,sz,控股股东、实际控制人、重组方及其他承诺主体股份限制减持情况,5、控股股东、实际控制人、重组方及其他承诺主体股份限制减持情况,0603,3,05,06030500,0
228,1698,sz,优先股相关情况,第七节优先股相关情况,,1,07,07000000,0
229,1699,sz,董事、监事、高级管理人员和员工情况,第八节董事、监事、高级管理人员和员工情况,,1,08,08000000,1
230,1700,sz,董事、监事和高级管理人员持股变动,一、董事、监事和高级管理人员持股变动,08,2,01,08010000,0
231,1701,sz,公司董事、监事、高级管理人员变动情况,二、公司董事、监事、高级管理人员变动情况,08,2,02,08020000,0
232,1702,sz,任职情况,三、任职情况,08,2,03,08030000,0
233,1703,sz,董事、监事、高级管理人员报酬情况,四、董事、监事、高级管理人员报酬情况,08,2,04,08040000,0
234,1704,sz,公司员工情况,五、公司员工情况,08,2,05,08050000,1
235,1705,sz,员工数量、专业构成及教育程度,1、员工数量、专业构成及教育程度,0805,3,01,08050100,0
236,1706,sz,薪酬政策,2、薪酬政策,0805,3,02,08050200,0
237,1707,sz,培训计划,3、培训计划,0805,3,03,08050300,0
238,1708,sz,劳务外包情况,4、劳务外包情况,0805,3,04,08050400,0
239,1709,sz,公司治理,第九节公司治理,,1,09,09000000,1
240,1710,sz,公司治理的基本状况,一、公司治理的基本状况,09,2,01,09010000,0
241,1711,sz,公司相对于控股股东在业务、人员、资产、机构、财务等方面的独立情况,二、公司相对于控股股东在业务、人员、资产、机构、财务等方面的独立情况,09,2,02,09020000,0
242,1712,sz,同业竞争情况,三、同业竞争情况,09,2,03,09030000,0
243,1713,sz,报告期内召开的年度股东大会和临时股东大会的有关情况,四、报告期内召开的年度股东大会和临时股东大会的有关情况,09,2,04,09040000,1
244,1714,sz,本报告期股东大会情况,1、本报告期股东大会情况,0904,3,01,09040100,0
245,1715,sz,表决权恢复的优先股股东请求召开临时股东大会,2、表决权恢复的优先股股东请求召开临时股东大会,0904,3,02,09040200,0
246,1716,sz,报告期内独立董事履行职责的情况,五、报告期内独立董事履行职责的情况,09,2,05,09050000,1
247,1717,sz,独立董事出席董事会及股东大会的情况,1、独立董事出席董事会及股东大会的情况,0905,3,01,09050100,0
248,1718,sz,独立董事对公司有关事项提出异议的情况,2、独立董事对公司有关事项提出异议的情况,0905,3,02,09050200,0
249,1719,sz,独立董事履行职责的其他说明,3、独立董事履行职责的其他说明,0905,3,03,09050300,0
250,1720,sz,董事会下设专门委员会在报告期内履行职责情况,六、董事会下设专门委员会在报告期内履行职责情况,09,2,06,09060000,0
251,1721,sz,监事会工作情况,七、监事会工作情况,09,2,07,09070000,0
252,1722,sz,高级管理人员的考评及激励情况,八、高级管理人员的考评及激励情况,09,2,08,09080000,0
253,1723,sz,内部控制评价报告,九、内部控制评价报告,09,2,09,09090000,1
254,1724,sz,报告期内发现的内部控制重大缺陷的具体情况,1、报告期内发现的内部控制重大缺陷的具体情况,0909,3,01,09090100,0
255,1725,sz,内控自我评价报告,2、内控自我评价报告,0909,3,02,09090200,0
256,1726,sz,内部控制审计报告或鉴证报告,十、内部控制审计报告或鉴证报告,09,2,0a,090a0000,0
530,2000,sz,内部控制情况,九、内部控制情况,09,2,0b,090b0000,0
257,1727,sz,公司债券相关情况,第十节公司债券相关情况,,1,0a,0a000000,0
258,1728,sz,财务报告,第十一节财务报告,,1,0b,0b000000,1
259,1729,sz,审计报告,一、审计报告,0b,2,01,0b010000,0
260,1730,sz,财务报表,二、财务报表,0b,2,02,0b020000,1
261,1731,sz,合并资产负债表,1、合并资产负债表,0b02,3,01,0b020100,0
262,1732,sz,母公司资产负债表,2、母公司资产负债表,0b02,3,02,0b020200,0
263,1733,sz,合并利润表,3、合并利润表,0b02,3,03,0b020300,0
264,1734,sz,母公司利润表,4、母公司利润表,0b02,3,04,0b020400,0
265,1735,sz,合并现金流量表,5、合并现金流量表,0b02,3,05,0b020500,0
266,1736,sz,母公司现金流量表,6、母公司现金流量表,0b02,3,06,0b020600,0
267,1737,sz,合并所有者权益变动表,7、合并所有者权益变动表,0b02,3,07,0b020700,0
268,1738,sz,母公司所有者权益变动表,8、母公司所有者权益变动表,0b02,3,08,0b020800,0
269,1739,sz,公司基本情况,三、公司基本情况,0b,2,03,0b030000,0
270,1740,sz,财务报表的编制基础,四、财务报表的编制基础,0b,2,04,0b040000,1
271,1741,sz,编制基础,1、编制基础,0b04,3,01,0b040100,0
272,1742,sz,持续经营,2、持续经营,0b04,3,02,0b040200,0
273,1743,sz,重要会计政策及会计估计,五、重要会计政策及会计估计,0b,2,05,0b050000,1
274,1744,sz,遵循企业会计准则的声明,1、遵循企业会计准则的声明,0b05,3,01,0b050100,0
275,1745,sz,会计期间,2、会计期间,0b05,3,02,0b050200,0
276,1746,sz,营业周期,3、营业周期,0b05,3,03,0b050300,0
277,1747,sz,记账本位币,4、记账本位币,0b05,3,04,0b050400,0
278,1748,sz,同一控制下和非同一控制下企业合并的会计处理方法,5、同一控制下和非同一控制下企业合并的会计处理方法,0b05,3,05,0b050500,0
279,1749,sz,合并财务报表的编制方法,6、合并财务报表的编制方法,0b05,3,06,0b050600,0
280,1750,sz,合营安排分类及共同经营会计处理方法,7、合营安排分类及共同经营会计处理方法,0b05,3,07,0b050700,0
281,1751,sz,现金及现金等价物的确定标准,8、现金及现金等价物的确定标准,0b05,3,08,0b050800,0
282,1752,sz,外币业务和外币报表折算,9、外币业务和外币报表折算,0b05,3,09,0b050900,0
283,1753,sz,金融工具,10、金融工具,0b05,3,0a,0b050a00,0
284,1754,sz,应收款项,11、应收款项,0b05,3,0b,0b050b00,1
285,1755,sz,单项金额重大并单独计提坏账准备的应收款项,（1）单项金额重大并单独计提坏账准备的应收款项,0b050b,4,01,0b050b01,0
286,1756,sz,按信用风险特征组合计提坏账准备的应收款项,（2）按信用风险特征组合计提坏账准备的应收款项,0b050b,4,02,0b050b02,0
287,1757,sz,单项金额不重大但单独计提坏账准备的应收款项,（3）单项金额不重大但单独计提坏账准备的应收款项,0b050b,4,03,0b050b03,0
288,1758,sz,存货,12、存货,0b05,3,0c,0b050c00,0
289,1759,sz,持有待售资产,13、持有待售资产,0b05,3,0d,0b050d00,0
290,1760,sz,长期股权投资,14、长期股权投资,0b05,3,0e,0b050e00,0
291,1761,sz,投资性房地产,15、投资性房地产,0b05,3,0f,0b050f00,0
292,1762,sz,固定资产,16、固定资产,0b05,3,10,0b051000,1
293,1763,sz,确认条件,（1）确认条件,0b0510,4,01,0b051001,0
294,1764,sz,折旧方法,（2）折旧方法,0b0510,4,02,0b051002,0
295,1765,sz,融资租入固定资产的认定依据、计价和折旧方法,（3）融资租入固定资产的认定依据、计价和折旧方法,0b0510,4,03,0b051003,0
296,1766,sz,在建工程,17、在建工程,0b05,3,11,0b051100,0
297,1767,sz,借款费用,18、借款费用,0b05,3,12,0b051200,0
298,1768,sz,生物资产,19、生物资产,0b05,3,13,0b051300,0
299,1769,sz,油气资产,20、油气资产,0b05,3,14,0b051400,0
300,1770,sz,无形资产,21、无形资产,0b05,3,15,0b051500,1
301,1771,sz,计价方法、使用寿命、减值测试,（1）计价方法、使用寿命、减值测试,0b0515,4,01,0b051501,0
302,1772,sz,内部研究开发支出会计政策,（2）内部研究开发支出会计政策,0b0515,4,02,0b051502,0
303,1773,sz,长期资产减值,22、长期资产减值,0b05,3,16,0b051600,0
304,1774,sz,长期待摊费用,23、长期待摊费用,0b05,3,17,0b051700,0
305,1775,sz,职工薪酬,24、职工薪酬,0b05,3,18,0b051800,1
306,1776,sz,短期薪酬的会计处理方法,（1）短期薪酬的会计处理方法,0b0518,4,01,0b051801,0
307,1777,sz,离职后福利的会计处理方法,（2）离职后福利的会计处理方法,0b0518,4,02,0b051802,0
308,1778,sz,辞退福利的会计处理方法,（3）辞退福利的会计处理方法,0b0518,4,03,0b051803,0
309,1779,sz,其他长期职工福利的会计处理方法,（4）其他长期职工福利的会计处理方法,0b0518,4,04,0b051804,0
310,1780,sz,预计负债,25、预计负债,0b05,3,19,0b051900,0
311,1781,sz,股份支付,26、股份支付,0b05,3,1a,0b051a00,0
312,1782,sz,优先股、永续债等其他金融工具,27、优先股、永续债等其他金融工具,0b05,3,1b,0b051b00,0
313,1783,sz,收入,28、收入,0b05,3,1c,0b051c00,0
314,1784,sz,政府补助,29、政府补助,0b05,3,1d,0b051d00,1
315,1785,sz,与资产相关的政府补助判断依据及会计处理方法,（1）与资产相关的政府补助判断依据及会计处理方法,0b051d,4,01,0b051d01,0
316,1786,sz,与收益相关的政府补助判断依据及会计处理方法,（2）与收益相关的政府补助判断依据及会计处理方法,0b051d,4,02,0b051d02,0
317,1787,sz,递延所得税资产/递延所得税负债,30、递延所得税资产/递延所得税负债,0b05,3,1e,0b051e00,0
318,1788,sz,租赁,31、租赁,0b05,3,1f,0b051f00,1
319,1789,sz,经营租赁的会计处理方法,（1）经营租赁的会计处理方法,0b051f,4,01,0b051f01,0
320,1790,sz,融资租赁的会计处理方法,（2）融资租赁的会计处理方法,0b051f,4,02,0b051f02,0
321,1791,sz,其他重要的会计政策和会计估计,32、其他重要的会计政策和会计估计,0b05,3,20,0b052000,0
322,1792,sz,重要会计政策和会计估计变更,33、重要会计政策和会计估计变更,0b05,3,21,0b052100,1
323,1793,sz,重要会计政策变更,（1）重要会计政策变更,0b0521,4,01,0b052101,0
324,1794,sz,重要会计估计变更,（2）重要会计估计变更,0b0521,4,02,0b052102,0
325,1795,sz,其他,34、其他,0b05,3,22,0b052200,0
526,1996,sz,计量属性在本期发生变化的报表项目及其本期采用的计量属性,5、计量属性在本期发生变化的报表项目及其本期采用的计量属性,0b05,3,23,0b052300,0
527,1997,sz,终止经营,15、终止经营,0b05,3,24,0b052400,0
528,1998,sz,安全生产费用,31、安全生产费用,0b05,3,25,0b052500,0
529,1999,sz,套期保值,35、套期保值,0b05,3,26,0b052600,0
326,1796,sz,税项,六、税项,0b,2,06,0b060000,1
327,1797,sz,主要税种及税率,1、主要税种及税率,0b06,3,01,0b060100,0
328,1798,sz,税收优惠,2、税收优惠,0b06,3,02,0b060200,0
329,1799,sz,其他,3、其他,0b06,3,03,0b060300,0
330,1800,sz,合并财务报表项目注释,七、合并财务报表项目注释,0b,2,07,0b070000,1
331,1801,sz,货币资金,1、货币资金,0b07,3,01,0b070100,0
332,1802,sz,以公允价值计量且其变动计入当期损益的金融资产,2、以公允价值计量且其变动计入当期损益的金融资产,0b07,3,02,0b070200,0
333,1803,sz,衍生金融资产,3、衍生金融资产,0b07,3,03,0b070300,0
334,1804,sz,应收票据,4、应收票据,0b07,3,04,0b070400,1
335,1805,sz,应收票据分类列示,（1）应收票据分类列示,0b0704,4,01,0b070401,0
336,1806,sz,期末公司已质押的应收票据,（2）期末公司已质押的应收票据,0b0704,4,02,0b070402,0
337,1807,sz,期末公司已背书或贴现且在资产负债表日尚未到期的应收票据,（3）期末公司已背书或贴现且在资产负债表日尚未到期的应收票据,0b0704,4,03,0b070403,0
338,1808,sz,期末公司因出票人未履约而将其转应收账款的票据,（4）期末公司因出票人未履约而将其转应收账款的票据,0b0704,4,04,0b070404,0
339,1809,sz,应收账款,5、应收账款,0b07,3,05,0b070500,1
340,1810,sz,应收账款分类披露,（1）应收账款分类披露,0b0705,4,01,0b070501,0
341,1811,sz,本期计提、收回或转回的坏账准备情况,（2）本期计提、收回或转回的坏账准备情况,0b0705,4,02,0b070502,0
342,1812,sz,本期实际核销的应收账款情况,（3）本期实际核销的应收账款情况,0b0705,4,03,0b070503,0
343,1813,sz,按欠款方归集的期末余额前五名的应收账款情况,（4）按欠款方归集的期末余额前五名的应收账款情况,0b0705,4,04,0b070504,0
344,1814,sz,因金融资产转移而终止确认的应收账款,（5）因金融资产转移而终止确认的应收账款,0b0705,4,05,0b070505,0
345,1815,sz,转移应收账款且继续涉入形成的资产、负债金额,（6）转移应收账款且继续涉入形成的资产、负债金额,0b0705,4,06,0b070506,0
346,1816,sz,预付款项,6、预付款项,0b07,3,06,0b070600,1
347,1817,sz,预付款项按账龄列示,（1）预付款项按账龄列示,0b0706,4,01,0b070601,0
348,1818,sz,按预付对象归集的期末余额前五名的预付款情况,（2）按预付对象归集的期末余额前五名的预付款情况,0b0706,4,02,0b070602,0
349,1819,sz,应收利息,7、应收利息,0b07,3,07,0b070700,1
350,1820,sz,应收利息分类,（1）应收利息分类,0b0707,4,01,0b070701,0
351,1821,sz,重要逾期利息,（2）重要逾期利息,0b0707,4,02,0b070702,0
352,1822,sz,应收股利,8、应收股利,0b07,3,08,0b070800,1
353,1823,sz,应收股利,（1）应收股利,0b0708,4,01,0b070801,0
354,1824,sz,重要的账龄超过1年的应收股利,（2）重要的账龄超过1年的应收股利,0b0708,4,02,0b070802,0
355,1825,sz,其他应收款,9、其他应收款,0b07,3,09,0b070900,1
356,1826,sz,其他应收款分类披露,（1）其他应收款分类披露,0b0709,4,01,0b070901,0
357,1827,sz,本期计提、收回或转回的坏账准备情况,（2）本期计提、收回或转回的坏账准备情况,0b0709,4,02,0b070902,0
358,1828,sz,本期实际核销的其他应收款情况,（3）本期实际核销的其他应收款情况,0b0709,4,03,0b070903,0
359,1829,sz,其他应收款按款项性质分类情况,（4）其他应收款按款项性质分类情况,0b0709,4,04,0b070904,0
360,1830,sz,按欠款方归集的期末余额前五名的其他应收款情况,（5）按欠款方归集的期末余额前五名的其他应收款情况,0b0709,4,05,0b070905,0
361,1831,sz,涉及政府补助的应收款项,（6）涉及政府补助的应收款项,0b0709,4,06,0b070906,0
362,1832,sz,因金融资产转移而终止确认的其他应收款,（7）因金融资产转移而终止确认的其他应收款,0b0709,4,07,0b070907,0
363,1833,sz,转移其他应收款且继续涉入形成的资产、负债金额,（8）转移其他应收款且继续涉入形成的资产、负债金额,0b0709,4,08,0b070908,0
364,1834,sz,存货,10、存货,0b07,3,0a,0b070a00,1
365,1835,sz,存货分类,（1）存货分类,0b070a,4,01,0b070a01,0
366,1836,sz,存货跌价准备,（2）存货跌价准备,0b070a,4,02,0b070a02,0
367,1837,sz,存货期末余额含有借款费用资本化金额的说明,（3）存货期末余额含有借款费用资本化金额的说明,0b070a,4,03,0b070a03,0
368,1838,sz,期末建造合同形成的已完工未结算资产情况,（4）期末建造合同形成的已完工未结算资产情况,0b070a,4,04,0b070a04,0
369,1839,sz,持有待售的资产,11、持有待售的资产,0b07,3,0b,0b070b00,0
370,1840,sz,一年内到期的非流动资产,12、一年内到期的非流动资产,0b07,3,0c,0b070c00,0
371,1841,sz,其他流动资产,13、其他流动资产,0b07,3,0d,0b070d00,0
372,1842,sz,可供出售金融资产,14、可供出售金融资产,0b07,3,0e,0b070e00,1
373,1843,sz,可供出售金融资产情况,（1）可供出售金融资产情况,0b070e,4,01,0b070e01,0
374,1844,sz,期末按公允价值计量的可供出售金融资产,（2）期末按公允价值计量的可供出售金融资产,0b070e,4,02,0b070e02,0
375,1845,sz,期末按成本计量的可供出售金融资产,（3）期末按成本计量的可供出售金融资产,0b070e,4,03,0b070e03,0
376,1846,sz,报告期内可供出售金融资产减值的变动情况,（4）报告期内可供出售金融资产减值的变动情况,0b070e,4,04,0b070e04,0
377,1847,sz,可供出售权益工具期末公允价值严重下跌或非暂时性下跌但未计提减值准备的相关说明,（5）可供出售权益工具期末公允价值严重下跌或非暂时性下跌但未计提减值准备的相关说明,0b070e,4,05,0b070e05,0
378,1848,sz,持有至到期投资,15、持有至到期投资,0b07,3,0f,0b070f00,1
379,1849,sz,持有至到期投资情况,（1）持有至到期投资情况,0b070f,4,01,0b070f01,0
380,1850,sz,期末重要的持有至到期投资,（2）期末重要的持有至到期投资,0b070f,4,02,0b070f02,0
381,1851,sz,本期重分类的持有至到期投资,（3）本期重分类的持有至到期投资,0b070f,4,03,0b070f03,0
382,1852,sz,长期应收款,16、长期应收款,0b07,3,10,0b071000,1
383,1853,sz,长期应收款情况,（1）长期应收款情况,0b0710,4,01,0b071001,0
384,1854,sz,因金融资产转移而终止确认的长期应收款,（2）因金融资产转移而终止确认的长期应收款,0b0710,4,02,0b071002,0
385,1855,sz,转移长期应收款且继续涉入形成的资产、负债金额,（3）转移长期应收款且继续涉入形成的资产、负债金额,0b0710,4,03,0b071003,0
386,1856,sz,长期股权投资,17、长期股权投资,0b07,3,11,0b071100,0
387,1857,sz,投资性房地产,18、投资性房地产,0b07,3,12,0b071200,1
388,1858,sz,采用成本计量模式的投资性房地产,（1）采用成本计量模式的投资性房地产,0b0712,4,01,0b071201,0
389,1859,sz,采用公允价值计量模式的投资性房地产,（2）采用公允价值计量模式的投资性房地产,0b0712,4,02,0b071202,0
390,1860,sz,未办妥产权证书的投资性房地产情况,（3）未办妥产权证书的投资性房地产情况,0b0712,4,03,0b071203,0
391,1861,sz,固定资产,19、固定资产,0b07,3,13,0b071300,1
392,1862,sz,固定资产情况,（1）固定资产情况,0b0713,4,01,0b071301,0
393,1863,sz,暂时闲置的固定资产情况,（2）暂时闲置的固定资产情况,0b0713,4,02,0b071302,0
394,1864,sz,通过融资租赁租入的固定资产情况,（3）通过融资租赁租入的固定资产情况,0b0713,4,03,0b071303,0
395,1865,sz,通过经营租赁租出的固定资产,（4）通过经营租赁租出的固定资产,0b0713,4,04,0b071304,0
396,1866,sz,未办妥产权证书的固定资产情况,（5）未办妥产权证书的固定资产情况,0b0713,4,05,0b071305,0
397,1867,sz,在建工程,20、在建工程,0b07,3,14,0b071400,1
398,1868,sz,在建工程情况,（1）在建工程情况,0b0714,4,01,0b071401,0
399,1869,sz,重要在建工程项目本期变动情况,（2）重要在建工程项目本期变动情况,0b0714,4,02,0b071402,0
400,1870,sz,本期计提在建工程减值准备情况,（3）本期计提在建工程减值准备情况,0b0714,4,03,0b071403,0
401,1871,sz,工程物资,21、工程物资,0b07,3,15,0b071500,0
402,1872,sz,固定资产清理,22、固定资产清理,0b07,3,16,0b071600,0
403,1873,sz,生产性生物资产,23、生产性生物资产,0b07,3,17,0b071700,1
404,1874,sz,采用成本计量模式的生产性生物资产,（1）采用成本计量模式的生产性生物资产,0b0717,4,01,0b071701,0
405,1875,sz,采用公允价值计量模式的生产性生物资产,（2）采用公允价值计量模式的生产性生物资产,0b0717,4,02,0b071702,0
406,1876,sz,油气资产,24、油气资产,0b07,3,18,0b071800,0
407,1877,sz,无形资产,25、无形资产,0b07,3,19,0b071900,1
408,1878,sz,无形资产情况,（1）无形资产情况,0b0719,4,01,0b071901,0
409,1879,sz,未办妥产权证书的土地使用权情况,（2）未办妥产权证书的土地使用权情况,0b0719,4,02,0b071902,0
410,1880,sz,开发支出,26、开发支出,0b07,3,1a,0b071a00,0
411,1881,sz,商誉,27、商誉,0b07,3,1b,0b071b00,1
412,1882,sz,商誉账面原值,（1）商誉账面原值,0b071b,4,01,0b071b01,0
413,1883,sz,商誉减值准备,（2）商誉减值准备,0b071b,4,02,0b071b02,0
414,1884,sz,长期待摊费用,28、长期待摊费用,0b07,3,1c,0b071c00,0
415,1885,sz,递延所得税资产/递延所得税负债,29、递延所得税资产/递延所得税负债,0b07,3,1d,0b071d00,1
416,1886,sz,未经抵销的递延所得税资产,（1）未经抵销的递延所得税资产,0b071d,4,01,0b071d01,0
417,1887,sz,未经抵销的递延所得税负债,（2）未经抵销的递延所得税负债,0b071d,4,02,0b071d02,0
418,1888,sz,以抵销后净额列示的递延所得税资产或负债,（3）以抵销后净额列示的递延所得税资产或负债,0b071d,4,03,0b071d03,0
419,1889,sz,未确认递延所得税资产明细,（4）未确认递延所得税资产明细,0b071d,4,04,0b071d04,0
420,1890,sz,未确认递延所得税资产的可抵扣亏损将于以下年度到期,（5）未确认递延所得税资产的可抵扣亏损将于以下年度到期,0b071d,4,05,0b071d05,0
421,1891,sz,其他非流动资产,30、其他非流动资产,0b07,3,1e,0b071e00,0
422,1892,sz,短期借款,31、短期借款,0b07,3,1f,0b071f00,1
423,1893,sz,短期借款分类,（1）短期借款分类,0b071f,4,01,0b071f01,0
424,1894,sz,已逾期未偿还的短期借款情况,（2）已逾期未偿还的短期借款情况,0b071f,4,02,0b071f02,0
425,1895,sz,以公允价值计量且其变动计入当期损益的金融负债,32、以公允价值计量且其变动计入当期损益的金融负债,0b07,3,20,0b072000,0
426,1896,sz,衍生金融负债,33、衍生金融负债,0b07,3,21,0b072100,0
427,1897,sz,应付票据,34、应付票据,0b07,3,22,0b072200,0
428,1898,sz,应付账款,35、应付账款,0b07,3,23,0b072300,1
429,1899,sz,应付账款列示,（1）应付账款列示,0b0723,4,01,0b072301,0
430,1900,sz,账龄超过1年的重要应付账款,（2）账龄超过1年的重要应付账款,0b0723,4,02,0b072302,0
431,1901,sz,预收款项,36、预收款项,0b07,3,24,0b072400,1
432,1902,sz,预收款项列示,（1）预收款项列示,0b0724,4,01,0b072401,0
433,1903,sz,账龄超过1年的重要预收款项,（2）账龄超过1年的重要预收款项,0b0724,4,02,0b072402,0
434,1904,sz,期末建造合同形成的已结算未完工项目情况,（3）期末建造合同形成的已结算未完工项目情况,0b0724,4,03,0b072403,0
435,1905,sz,应付职工薪酬,37、应付职工薪酬,0b07,3,25,0b072500,1
436,1906,sz,应付职工薪酬列示,（1）应付职工薪酬列示,0b0725,4,01,0b072501,0
437,1907,sz,短期薪酬列示,（2）短期薪酬列示,0b0725,4,02,0b072502,0
438,1908,sz,设定提存计划列示,（3）设定提存计划列示,0b0725,4,03,0b072503,0
439,1909,sz,应交税费,38、应交税费,0b07,3,26,0b072600,0
440,1910,sz,应付利息,39、应付利息,0b07,3,27,0b072700,0
441,1911,sz,应付股利,40、应付股利,0b07,3,28,0b072800,0
442,1912,sz,其他应付款,41、其他应付款,0b07,3,29,0b072900,1
443,1913,sz,按款项性质列示其他应付款,（1）按款项性质列示其他应付款,0b0729,4,01,0b072901,0
444,1914,sz,账龄超过1年的重要其他应付款,（2）账龄超过1年的重要其他应付款,0b0729,4,02,0b072902,0
445,1915,sz,持有待售的负债,42、持有待售的负债,0b07,3,2a,0b072a00,0
446,1916,sz,一年内到期的非流动负债,43、一年内到期的非流动负债,0b07,3,2b,0b072b00,0
447,1917,sz,其他流动负债,44、其他流动负债,0b07,3,2c,0b072c00,0
448,1918,sz,长期借款,45、长期借款,0b07,3,2d,0b072d00,1
449,1919,sz,长期借款分类,（1）长期借款分类,0b072d,4,01,0b072d01,0
450,1920,sz,应付债券,46、应付债券,0b07,3,2e,0b072e00,1
451,1921,sz,应付债券,（1）应付债券,0b072e,4,01,0b072e01,0
452,1922,sz,应付债券的增减变动（不包括划分为金融负债的优先股、永续债等其他金融工具）,（2）应付债券的增减变动（不包括划分为金融负债的优先股、永续债等其他金融工具）,0b072e,4,02,0b072e02,0
453,1923,sz,可转换公司债券的转股条件、转股时间说明,（3）可转换公司债券的转股条件、转股时间说明,0b072e,4,03,0b072e03,0
454,1924,sz,划分为金融负债的其他金融工具说明,（4）划分为金融负债的其他金融工具说明,0b072e,4,04,0b072e04,0
455,1925,sz,长期应付款,47、长期应付款,0b07,3,2f,0b072f00,1
456,1926,sz,按款项性质列示长期应付款,（1）按款项性质列示长期应付款,0b072f,4,01,0b072f01,0
457,1927,sz,长期应付职工薪酬,48、长期应付职工薪酬,0b07,3,30,0b073000,1
458,1928,sz,长期应付职工薪酬表,（1）长期应付职工薪酬表,0b0730,4,01,0b073001,0
459,1929,sz,设定受益计划变动情况,（2）设定受益计划变动情况,0b0730,4,02,0b073002,0
460,1930,sz,专项应付款,49、专项应付款,0b07,3,31,0b073100,0
461,1931,sz,预计负债,50、预计负债,0b07,3,32,0b073200,0
462,1932,sz,递延收益,51、递延收益,0b07,3,33,0b073300,0
463,1933,sz,其他非流动负债,52、其他非流动负债,0b07,3,34,0b073400,0
464,1934,sz,股本,53、股本,0b07,3,35,0b073500,0
465,1935,sz,其他权益工具,54、其他权益工具,0b07,3,36,0b073600,1
466,1936,sz,期末发行在外的优先股、永续债等其他金融工具基本情况,（1）期末发行在外的优先股、永续债等其他金融工具基本情况,0b0736,4,01,0b073601,0
467,1937,sz,期末发行在外的优先股、永续债等金融工具变动情况表,（2）期末发行在外的优先股、永续债等金融工具变动情况表,0b0736,4,02,0b073602,0
468,1938,sz,资本公积,55、资本公积,0b07,3,37,0b073700,0
469,1939,sz,库存股,56、库存股,0b07,3,38,0b073800,0
470,1940,sz,其他综合收益,57、其他综合收益,0b07,3,39,0b073900,0
471,1941,sz,专项储备,58、专项储备,0b07,3,3a,0b073a00,0
472,1942,sz,盈余公积,59、盈余公积,0b07,3,3b,0b073b00,0
473,1943,sz,未分配利润,60、未分配利润,0b07,3,3c,0b073c00,0
474,1944,sz,营业收入和营业成本,61、营业收入和营业成本,0b07,3,3d,0b073d00,0
475,1945,sz,税金及附加,62、税金及附加,0b07,3,3e,0b073e00,0
476,1946,sz,销售费用,63、销售费用,0b07,3,3f,0b073f00,0
477,1947,sz,管理费用,64、管理费用,0b07,3,40,0b074000,0
478,1948,sz,财务费用,65、财务费用,0b07,3,41,0b074100,0
479,1949,sz,资产减值损失,66、资产减值损失,0b07,3,42,0b074200,0
480,1950,sz,公允价值变动收益,67、公允价值变动收益,0b07,3,43,0b074300,0
481,1951,sz,投资收益,68、投资收益,0b07,3,44,0b074400,0
482,1952,sz,资产处置收益,69、资产处置收益,0b07,3,45,0b074500,0
483,1953,sz,其他收益,70、其他收益,0b07,3,46,0b074600,0
484,1954,sz,营业外收入,71、营业外收入,0b07,3,47,0b074700,0
485,1955,sz,营业外支出,72、营业外支出,0b07,3,48,0b074800,0
486,1956,sz,所得税费用,73、所得税费用,0b07,3,49,0b074900,1
487,1957,sz,所得税费用表,（1）所得税费用表,0b0749,4,01,0b074901,0
488,1958,sz,会计利润与所得税费用调整过程,（2）会计利润与所得税费用调整过程,0b0749,4,02,0b074902,0
489,1959,sz,其他综合收益,74、其他综合收益,0b07,3,4a,0b074a00,0
490,1960,sz,现金流量表项目,75、现金流量表项目,0b07,3,4b,0b074b00,1
491,1961,sz,收到的其他与经营活动有关的现金,（1）收到的其他与经营活动有关的现金,0b074b,4,01,0b074b01,0
492,1962,sz,支付的其他与经营活动有关的现金,（2）支付的其他与经营活动有关的现金,0b074b,4,02,0b074b02,0
493,1963,sz,收到的其他与投资活动有关的现金,（3）收到的其他与投资活动有关的现金,0b074b,4,03,0b074b03,0
494,1964,sz,支付的其他与投资活动有关的现金,（4）支付的其他与投资活动有关的现金,0b074b,4,04,0b074b04,0
495,1965,sz,收到的其他与筹资活动有关的现金,（5）收到的其他与筹资活动有关的现金,0b074b,4,05,0b074b05,0
496,1966,sz,支付的其他与筹资活动有关的现金,（6）支付的其他与筹资活动有关的现金,0b074b,4,06,0b074b06,0
497,1967,sz,现金流量表补充资料,76、现金流量表补充资料,0b07,3,4c,0b074c00,1
498,1968,sz,现金流量表补充资料,（1）现金流量表补充资料,0b074c,4,01,0b074c01,0
499,1969,sz,本期支付的取得子公司的现金净额,（2）本期支付的取得子公司的现金净额,0b074c,4,02,0b074c02,0
500,1970,sz,本期收到的处置子公司的现金净额,（3）本期收到的处置子公司的现金净额,0b074c,4,03,0b074c03,0
501,1971,sz,现金和现金等价物的构成,（4）现金和现金等价物的构成,0b074c,4,04,0b074c04,0
502,1972,sz,所有者权益变动表项目注释,77、所有者权益变动表项目注释,0b07,3,4d,0b074d00,0
503,1973,sz,所有权或使用权受到限制的资产,78、所有权或使用权受到限制的资产,0b07,3,4e,0b074e00,0
504,1974,sz,外币货币性项目,79、外币货币性项目,0b07,3,4f,0b074f00,1
505,1975,sz,外币货币性项目,（1）外币货币性项目,0b074f,4,01,0b074f01,0
506,1976,sz,境外经营实体说明，包括对于重要的境外经营实体，应披露其境外主要经营地、记账本位币及选择依据，记账本位币发生变化的还应披露原因。,（2）境外经营实体说明，包括对于重要的境外经营实体，应披露其境外主要经营地、记账本位币及选择依据，记账本位币发生变化的还应披露原因。,0b074f,4,02,0b074f02,0
507,1977,sz,套期,80、套期,0b07,3,50,0b075000,0
508,1978,sz,其他,81、其他,0b07,3,51,0b075100,0
509,1979,sz,合并范围的变更,八、合并范围的变更,0b,2,08,0b080000,1
510,1980,sz,非同一控制下企业合并,1、非同一控制下企业合并,0b08,3,01,0b080100,1
511,1981,sz,本期发生的非同一控制下企业合并,（1）本期发生的非同一控制下企业合并,0b0801,4,01,0b080101,0
512,1982,sz,合并成本及商誉,（2）合并成本及商誉,0b0801,4,02,0b080102,0
513,1983,sz,被购买方于购买日可辨认资产、负债,（3）被购买方于购买日可辨认资产、负债,0b0801,4,03,0b080103,0
514,1984,sz,购买日之前持有的股权按照公允价值重新计量产生的利得或损失,（4）购买日之前持有的股权按照公允价值重新计量产生的利得或损失,0b0801,4,04,0b080104,0
515,1985,sz,购买日或合并当期期末无法合理确定合并对价或被购买方可辨认资产、负债公允价值的相关说明,（5）购买日或合并当期期末无法合理确定合并对价或被购买方可辨认资产、负债公允价值的相关说明,0b0801,4,05,0b080105,0
516,1986,sz,其他说明,（6）其他说明,0b0801,4,06,0b080106,0
517,1987,sz,同一控制下企业合并,2、同一控制下企业合并,0b08,3,02,0b080200,1
518,1988,sz,本期发生的同一控制下企业合并,（1）本期发生的同一控制下企业合并,0b0802,4,01,0b080201,0
519,1989,sz,合并成本,（2）合并成本,0b0802,4,02,0b080202,0
520,1990,sz,合并日被合并方资产、负债的账面价值,（3）合并日被合并方资产、负债的账面价值,0b0802,4,03,0b080203,0
521,1991,sz,反向购买,3、反向购买,0b08,3,03,0b080300,0
522,1992,sz,处置子公司,4、处置子公司,0b08,3,04,0b080400,0
523,1993,sz,其他原因的合并范围变动,5、其他原因的合并范围变动,0b08,3,05,0b080500,0
524,1994,sz,其他,6、其他,0b08,3,06,0b080600,0
525,1995,sz,在其他主体中的权益,九、在其他主体中的权益,0b,2,09,0b090000,1
0,1470,sz,在子公司中的权益,1、在子公司中的权益,0b09,3,01,0b090100,1
1,1471,sz,企业集团的构成,（1）企业集团的构成,0b0901,4,01,0b090101,0
2,1472,sz,重要的非全资子公司,（2）重要的非全资子公司,0b0901,4,02,0b090102,0
3,1473,sz,重要非全资子公司的主要财务信息,（3）重要非全资子公司的主要财务信息,0b0901,4,03,0b090103,0
4,1474,sz,使用企业集团资产和清偿企业集团债务的重大限制,（4）使用企业集团资产和清偿企业集团债务的重大限制,0b0901,4,04,0b090104,0
5,1475,sz,向纳入合并财务报表范围的结构化主体提供的财务支持或其他支持,（5）向纳入合并财务报表范围的结构化主体提供的财务支持或其他支持,0b0901,4,05,0b090105,0
6,1476,sz,在子公司的所有者权益份额发生变化且仍控制子公司的交易,2、在子公司的所有者权益份额发生变化且仍控制子公司的交易,0b09,3,02,0b090200,1
7,1477,sz,在子公司所有者权益份额发生变化的情况说明,（1）在子公司所有者权益份额发生变化的情况说明,0b0902,4,01,0b090201,0
8,1478,sz,交易对于少数股东权益及归属于母公司所有者权益的影响,（2）交易对于少数股东权益及归属于母公司所有者权益的影响,0b0902,4,02,0b090202,0
9,1479,sz,在合营安排或联营企业中的权益,3、在合营安排或联营企业中的权益,0b09,3,03,0b090300,1
10,1480,sz,重要的合营企业或联营企业,（1）重要的合营企业或联营企业,0b0903,4,01,0b090301,0
11,1481,sz,重要合营企业的主要财务信息,（2）重要合营企业的主要财务信息,0b0903,4,02,0b090302,0
12,1482,sz,重要联营企业的主要财务信息,（3）重要联营企业的主要财务信息,0b0903,4,03,0b090303,0
13,1483,sz,不重要的合营企业和联营企业的汇总财务信息,（4）不重要的合营企业和联营企业的汇总财务信息,0b0903,4,04,0b090304,0
14,1484,sz,合营企业或联营企业向本公司转移资金的能力存在重大限制的说明,（5）合营企业或联营企业向本公司转移资金的能力存在重大限制的说明,0b0903,4,05,0b090305,0
15,1485,sz,合营企业或联营企业发生的超额亏损,（6）合营企业或联营企业发生的超额亏损,0b0903,4,06,0b090306,0
16,1486,sz,与合营企业投资相关的未确认承诺,（7）与合营企业投资相关的未确认承诺,0b0903,4,07,0b090307,0
17,1487,sz,与合营企业或联营企业投资相关的或有负债,（8）与合营企业或联营企业投资相关的或有负债,0b0903,4,08,0b090308,0
18,1488,sz,重要的共同经营,4、重要的共同经营,0b09,3,04,0b090400,0
19,1489,sz,在未纳入合并财务报表范围的结构化主体中的权益,5、在未纳入合并财务报表范围的结构化主体中的权益,0b09,3,05,0b090500,0
20,1490,sz,其他,6、其他,0b09,3,06,0b090600,0
21,1491,sz,与金融工具相关的风险,十、与金融工具相关的风险,0b,2,0a,0b0a0000,0
22,1492,sz,公允价值的披露,十一、公允价值的披露,0b,2,0b,0b0b0000,1
23,1493,sz,以公允价值计量的资产和负债的期末公允价值,1、以公允价值计量的资产和负债的期末公允价值,0b0b,3,01,0b0b0100,0
24,1494,sz,持续和非持续第一层次公允价值计量项目市价的确定依据,2、持续和非持续第一层次公允价值计量项目市价的确定依据,0b0b,3,02,0b0b0200,0
25,1495,sz,持续和非持续第二层次公允价值计量项目，采用的估值技术和重要参数的定性及定量信息,3、持续和非持续第二层次公允价值计量项目，采用的估值技术和重要参数的定性及定量信息,0b0b,3,03,0b0b0300,0
26,1496,sz,持续和非持续第三层次公允价值计量项目，采用的估值技术和重要参数的定性及定量信息,4、持续和非持续第三层次公允价值计量项目，采用的估值技术和重要参数的定性及定量信息,0b0b,3,04,0b0b0400,0
27,1497,sz,持续的第三层次公允价值计量项目，期初与期末账面价值间的调节信息及不可观察参数敏感性分析,5、持续的第三层次公允价值计量项目，期初与期末账面价值间的调节信息及不可观察参数敏感性分析,0b0b,3,05,0b0b0500,0
28,1498,sz,持续的公允价值计量项目，本期内发生各层级之间转换的，转换的原因及确定转换时点的政策,6、持续的公允价值计量项目，本期内发生各层级之间转换的，转换的原因及确定转换时点的政策,0b0b,3,06,0b0b0600,0
29,1499,sz,本期内发生的估值技术变更及变更原因,7、本期内发生的估值技术变更及变更原因,0b0b,3,07,0b0b0700,0
30,1500,sz,不以公允价值计量的金融资产和金融负债的公允价值情况,8、不以公允价值计量的金融资产和金融负债的公允价值情况,0b0b,3,08,0b0b0800,0
31,1501,sz,其他,9、其他,0b0b,3,09,0b0b0900,0
32,1502,sz,关联方及关联交易,十二、关联方及关联交易,0b,2,0c,0b0c0000,1
33,1503,sz,本企业的母公司情况,1、本企业的母公司情况,0b0c,3,01,0b0c0100,0
34,1504,sz,本企业的子公司情况,2、本企业的子公司情况,0b0c,3,02,0b0c0200,0
35,1505,sz,本企业合营和联营企业情况,3、本企业合营和联营企业情况,0b0c,3,03,0b0c0300,0
36,1506,sz,其他关联方情况,4、其他关联方情况,0b0c,3,04,0b0c0400,0
37,1507,sz,关联交易情况,5、关联交易情况,0b0c,3,05,0b0c0500,1
38,1508,sz,购销商品、提供和接受劳务的关联交易,（1）购销商品、提供和接受劳务的关联交易,0b0c05,4,01,0b0c0501,0
39,1509,sz,关联受托管理/承包及委托管理/出包情况,（2）关联受托管理/承包及委托管理/出包情况,0b0c05,4,02,0b0c0502,0
40,1510,sz,关联租赁情况,（3）关联租赁情况,0b0c05,4,03,0b0c0503,0
41,1511,sz,关联担保情况,（4）关联担保情况,0b0c05,4,04,0b0c0504,0
42,1512,sz,关联方资金拆借,（5）关联方资金拆借,0b0c05,4,05,0b0c0505,0
43,1513,sz,关联方资产转让、债务重组情况,（6）关联方资产转让、债务重组情况,0b0c05,4,06,0b0c0506,0
44,1514,sz,关键管理人员报酬,（7）关键管理人员报酬,0b0c05,4,07,0b0c0507,0
45,1515,sz,其他关联交易,（8）其他关联交易,0b0c05,4,08,0b0c0508,0
46,1516,sz,关联方应收应付款项,6、关联方应收应付款项,0b0c,3,06,0b0c0600,1
47,1517,sz,应收项目,（1）应收项目,0b0c06,4,01,0b0c0601,0
48,1518,sz,应付项目,（2）应付项目,0b0c06,4,02,0b0c0602,0
49,1519,sz,关联方承诺,7、关联方承诺,0b0c,3,07,0b0c0700,0
50,1520,sz,其他,8、其他,0b0c,3,08,0b0c0800,0
51,1521,sz,股份支付,十三、股份支付,0b,2,0d,0b0d0000,1
52,1522,sz,股份支付总体情况,1、股份支付总体情况,0b0d,3,01,0b0d0100,0
53,1523,sz,以权益结算的股份支付情况,2、以权益结算的股份支付情况,0b0d,3,02,0b0d0200,0
54,1524,sz,以现金结算的股份支付情况,3、以现金结算的股份支付情况,0b0d,3,03,0b0d0300,0
55,1525,sz,股份支付的修改、终止情况,4、股份支付的修改、终止情况,0b0d,3,04,0b0d0400,0
56,1526,sz,其他,5、其他,0b0d,3,05,0b0d0500,0
57,1527,sz,承诺及或有事项,十四、承诺及或有事项,0b,2,0e,0b0e0000,1
58,1528,sz,重要承诺事项,1、重要承诺事项,0b0e,3,01,0b0e0100,0
59,1529,sz,或有事项,2、或有事项,0b0e,3,02,0b0e0200,1
60,1530,sz,资产负债表日存在的重要或有事项,（1）资产负债表日存在的重要或有事项,0b0e02,4,01,0b0e0201,0
61,1531,sz,公司没有需要披露的重要或有事项，也应予以说明,（2）公司没有需要披露的重要或有事项，也应予以说明,0b0e02,4,02,0b0e0202,0
62,1532,sz,其他,3、其他,0b0e,3,03,0b0e0300,0
63,1533,sz,资产负债表日后事项,十五、资产负债表日后事项,0b,2,0f,0b0f0000,1
64,1534,sz,重要的非调整事项,1、重要的非调整事项,0b0f,3,01,0b0f0100,0
65,1535,sz,利润分配情况,2、利润分配情况,0b0f,3,02,0b0f0200,0
66,1536,sz,销售退回,3、销售退回,0b0f,3,03,0b0f0300,0
67,1537,sz,其他资产负债表日后事项说明,4、其他资产负债表日后事项说明,0b0f,3,04,0b0f0400,0
68,1538,sz,其他重要事项,十六、其他重要事项,0b,2,10,0b100000,1
69,1539,sz,前期会计差错更正,1、前期会计差错更正,0b10,3,01,0b100100,1
70,1540,sz,追溯重述法,（1）追溯重述法,0b1001,4,01,0b100101,0
71,1541,sz,未来适用法,（2）未来适用法,0b1001,4,02,0b100102,0
72,1542,sz,债务重组,2、债务重组,0b10,3,02,0b100200,0
73,1543,sz,资产置换,3、资产置换,0b10,3,03,0b100300,1
74,1544,sz,非货币性资产交换,（1）非货币性资产交换,0b1003,4,01,0b100301,0
75,1545,sz,其他资产置换,（2）其他资产置换,0b1003,4,02,0b100302,0
76,1546,sz,年金计划,4、年金计划,0b10,3,04,0b100400,0
77,1547,sz,终止经营,5、终止经营,0b10,3,05,0b100500,0
78,1548,sz,分部信息,6、分部信息,0b10,3,06,0b100600,1
79,1549,sz,报告分部的确定依据与会计政策,（1）报告分部的确定依据与会计政策,0b1006,4,01,0b100601,0
80,1550,sz,报告分部的财务信息,（2）报告分部的财务信息,0b1006,4,02,0b100602,0
81,1551,sz,公司无报告分部的，或者不能披露各报告分部的资产总额和负债总额的，应说明原因,（3）公司无报告分部的，或者不能披露各报告分部的资产总额和负债总额的，应说明原因,0b1006,4,03,0b100603,0
82,1552,sz,其他说明,（4）其他说明,0b1006,4,04,0b100604,0
83,1553,sz,其他对投资者决策有影响的重要交易和事项,7、其他对投资者决策有影响的重要交易和事项,0b10,3,07,0b100700,0
84,1554,sz,其他,8、其他,0b10,3,08,0b100800,0
85,1555,sz,母公司财务报表主要项目注释,十七、母公司财务报表主要项目注释,0b,2,11,0b110000,1
86,1556,sz,应收账款,1、应收账款,0b11,3,01,0b110100,1
87,1557,sz,应收账款分类披露,（1）应收账款分类披露,0b1101,4,01,0b110101,0
88,1558,sz,本期计提、收回或转回的坏账准备情况,（2）本期计提、收回或转回的坏账准备情况,0b1101,4,02,0b110102,0
89,1559,sz,本期实际核销的应收账款情况,（3）本期实际核销的应收账款情况,0b1101,4,03,0b110103,0
90,1560,sz,按欠款方归集的期末余额前五名的应收账款情况,（4）按欠款方归集的期末余额前五名的应收账款情况,0b1101,4,04,0b110104,0
91,1561,sz,因金融资产转移而终止确认的应收账款,（5）因金融资产转移而终止确认的应收账款,0b1101,4,05,0b110105,0
92,1562,sz,转移应收账款且继续涉入形成的资产、负债金额,（6）转移应收账款且继续涉入形成的资产、负债金额,0b1101,4,06,0b110106,0
93,1563,sz,其他应收款,2、其他应收款,0b11,3,02,0b110200,1
94,1564,sz,其他应收款分类披露,（1）其他应收款分类披露,0b1102,4,01,0b110201,0
95,1565,sz,本期计提、收回或转回的坏账准备情况,（2）本期计提、收回或转回的坏账准备情况,0b1102,4,02,0b110202,0
96,1566,sz,本期实际核销的其他应收款情况,（3）本期实际核销的其他应收款情况,0b1102,4,03,0b110203,0
97,1567,sz,其他应收款按款项性质分类情况,（4）其他应收款按款项性质分类情况,0b1102,4,04,0b110204,0
98,1568,sz,按欠款方归集的期末余额前五名的其他应收款情况,（5）按欠款方归集的期末余额前五名的其他应收款情况,0b1102,4,05,0b110205,0
99,1569,sz,涉及政府补助的应收款项,（6）涉及政府补助的应收款项,0b1102,4,06,0b110206,0
100,1570,sz,因金融资产转移而终止确认的其他应收款,（7）因金融资产转移而终止确认的其他应收款,0b1102,4,07,0b110207,0
101,1571,sz,转移其他应收款且继续涉入形成的资产、负债金额,（8）转移其他应收款且继续涉入形成的资产、负债金额,0b1102,4,08,0b110208,0
102,1572,sz,长期股权投资,3、长期股权投资,0b11,3,03,0b110300,1
103,1573,sz,对子公司投资,（1）对子公司投资,0b1103,4,01,0b110301,0
104,1574,sz,对联营、合营企业投资,（2）对联营、合营企业投资,0b1103,4,02,0b110302,0
105,1575,sz,其他说明,（3）其他说明,0b1103,4,03,0b110303,0
106,1576,sz,营业收入和营业成本,4、营业收入和营业成本,0b11,3,04,0b110400,0
107,1577,sz,投资收益,5、投资收益,0b11,3,05,0b110500,0
108,1578,sz,其他,6、其他,0b11,3,06,0b110600,0
109,1579,sz,补充资料,十八、补充资料,0b,2,12,0b120000,1
110,1580,sz,当期非经常性损益明细表,1、当期非经常性损益明细表,0b12,3,01,0b120100,0
111,1581,sz,净资产收益率及每股收益,2、净资产收益率及每股收益,0b12,3,02,0b120200,0
112,1582,sz,境内外会计准则下会计数据差异,3、境内外会计准则下会计数据差异,0b12,3,03,0b120300,1
113,1583,sz,同时按照国际会计准则与按中国会计准则披露的财务报告中净利润和净资产差异情况,（1）同时按照国际会计准则与按中国会计准则披露的财务报告中净利润和净资产差异情况,0b1203,4,01,0b120301,0
114,1584,sz,同时按照境外会计准则与按中国会计准则披露的财务报告中净利润和净资产差异情况,（2）同时按照境外会计准则与按中国会计准则披露的财务报告中净利润和净资产差异情况,0b1203,4,02,0b120302,0
115,1585,sz,境内外会计准则下会计数据差异原因说明，对已经境外审计机构审计的数据进行差异调节的，应注明该境外机构的名称,（3）境内外会计准则下会计数据差异原因说明，对已经境外审计机构审计的数据进行差异调节的，应注明该境外机构的名称,0b1203,4,03,0b120303,0
116,1586,sz,其他,4、其他,0b12,3,04,0b120400,0
117,1587,sz,备查文件目录,第十二节备查文件目录,,1,0c,0c000000,0
